person_id,age_scaled,income_scaled,city_A,city_B,city_C,income_per_age,target_purchased
P001,-1.556540648986177,-1.8270005567822794,1,0,0,1136.3636363636363,0
P002,-0.27853885297647396,0.08304547985373997,0,1,0,1371.4285714285713,1
P003,0.9011551125709443,0.41522739926869984,1,0,0,1106.3829787234042,1
P004,1.2943864344200837,1.1626367179523596,0,0,1,1196.078431372549,1
P005,-0.8683858357501831,-0.6643638388299198,0,1,0,1344.8275862068965,0
P006,0.5079237907218048,0.8304547985373997,0,0,1,1325.5813953488373,1
