metric,value
mae,42.79409467959995
r2,0.45260276297191904
