feature,importance
bmi,0.418232261792222
s5,0.1557951706522135
s1,0.08317684639358076
age,0.06458641413281103
s3,0.06393600447762827
bp,0.0624936006549381
s6,0.06192991543222192
s2,0.05338883203596589
s4,0.02978819767709359
sex,0.0066727567513250085
