model,mae,r2
linear_regression_baseline,42.79409467959995,0.4526027629719189
scaled_linear_regression,42.79409467959995,0.45260276297191904
ridge_regression,42.8119994183489,0.45414652070698225
decision_tree,54.52808988764045,0.060653981041140725
