metric,mean,std,min,max
mae,44.276499233214956,2.1001103035210953,42.387107598312724,48.155710203373594
r2,0.48231643590864215,0.04926857751190378,0.42649776111040216,0.5502483366517517
