fold,mae,r2
1,43.026166059621964,0.4295561538258379
2,44.80048010224326,0.5225993866099368
3,48.155710203373594,0.48268054134528227
4,43.013032202523256,0.42649776111040216
5,42.387107598312724,0.5502483366517517
