feature,coefficient
s1,-44.44885564253655
sex,-11.511809081546629
age,1.753757991941751
s6,2.3513636510244584
s3,7.676977684866971
s4,13.1387838999636
bp,16.82887166625278
s2,24.640953560447986
bmi,25.607121438997424
s5,35.16119521092092
