metric,mean,std
mae,44.276499233214956,2.1001103035210953
r2,0.48231643590864215,0.04926857751190378
