age,tenure_months,monthly_spend,support_tickets,usage_hours,missingindicator_age,missingindicator_monthly_spend,missingindicator_support_tickets,missingindicator_usage_hours,region_central,region_coastal,region_north,region_southern,plan_type_basic,plan_type_premium,plan_type_standard,contract_type_annual,contract_type_monthly,contract_type_two_year,payment_method_bank_transfer,payment_method_card,payment_method_invoice,payment_method_mobile_money
1.2474383671297042,3.064814336580855,0.6550695465803167,-0.3928950557592478,0.3051493497178171,-0.17076158738298683,-0.17586311452816475,6.719661163618754,-0.23930884326944624,1.0,0.0,0.0,0.0,0.0,0.0,1.0,0.0,1.0,0.0,0.0,1.0,0.0,0.0
-0.20346189295330747,-0.7366333404454019,-0.17766878371291472,-0.3928950557592478,0.2615734451973781,-0.17076158738298683,-0.17586311452816475,-0.1488170274736692,-0.23930884326944624,1.0,0.0,0.0,0.0,0.0,0.0,1.0,0.0,1.0,0.0,1.0,0.0,0.0,0.0
-0.28406746295791924,0.003908414819453356,1.4021855456154313,-1.1595195548016826,-0.40295909873931923,-0.17076158738298683,-0.17586311452816475,-0.1488170274736692,-0.23930884326944624,0.0,1.0,0.0,0.0,0.0,1.0,0.0,1.0,0.0,0.0,1.0,0.0,0.0,0.0
0.03835481706052782,-1.0822194929023343,1.508846506839829,-0.3928950557592478,-0.9367639291146989,5.8561179673106665,-0.17586311452816475,-0.1488170274736692,-0.23930884326944624,1.0,0.0,0.0,0.0,0.0,1.0,0.0,0.0,1.0,0.0,0.0,0.0,1.0,0.0
-0.20346189295330747,0.7938196204352989,-0.015720260018990014,1.1403539423256217,-0.4792169316500877,-0.17076158738298683,-0.17586311452816475,-0.1488170274736692,-0.23930884326944624,0.0,1.0,0.0,0.0,0.0,0.0,1.0,1.0,0.0,0.0,0.0,1.0,0.0,0.0
-0.36467303296253095,1.8799475281570865,-0.61018387418249,0.373729443283187,0.29425537358770715,-0.17076158738298683,-0.17586311452816475,-0.1488170274736692,-0.23930884326944624,1.0,0.0,0.0,0.0,1.0,0.0,0.0,1.0,0.0,0.0,0.0,1.0,0.0,0.0
1.0862272271204807,1.5837308260511445,-0.012295366768665312,-0.3928950557592478,-0.1741856000070135,-0.17076158738298683,-0.17586311452816475,-0.1488170274736692,-0.23930884326944624,0.0,0.0,1.0,0.0,0.0,0.0,1.0,0.0,0.0,1.0,0.0,1.0,0.0,0.0
-0.36467303296253095,1.9293169785080768,-0.6018662762888441,0.373729443283187,-0.8605060962039304,-0.17076158738298683,-0.17586311452816475,-0.1488170274736692,-0.23930884326944624,1.0,0.0,0.0,0.0,1.0,0.0,0.0,0.0,1.0,0.0,0.0,1.0,0.0,0.0
0.2801715270743631,1.5343613757001542,-0.8269306898816096,0.373729443283187,-0.8822940484641498,-0.17076158738298683,-0.17586311452816475,-0.1488170274736692,-0.23930884326944624,1.0,0.0,0.0,0.0,1.0,0.0,0.0,1.0,0.0,0.0,1.0,0.0,0.0,0.0
1.8116773571619864,-0.6378944397434212,-1.282441492174793,0.373729443283187,0.7191204426619896,-0.17076158738298683,-0.17586311452816475,-0.1488170274736692,-0.23930884326944624,1.0,0.0,0.0,0.0,1.0,0.0,0.0,0.0,1.0,0.0,0.0,1.0,0.0,0.0
1.7310717871573746,-0.7366333404454019,-0.25203789429139384,0.373729443283187,1.4816987717696748,-0.17076158738298683,-0.17586311452816475,-0.1488170274736692,-0.23930884326944624,1.0,0.0,0.0,0.0,0.0,0.0,1.0,0.0,1.0,0.0,1.0,0.0,0.0,0.0
0.6831993770974218,-1.2303278439553054,-0.8367160991682513,-0.3928950557592478,-0.620838621341515,-0.17076158738298683,-0.17586311452816475,-0.1488170274736692,-0.23930884326944624,1.0,0.0,0.0,0.0,1.0,0.0,0.0,1.0,0.0,0.0,0.0,1.0,0.0,0.0
0.19956595706975133,-0.4897860886904501,-0.5049907243510885,1.9069784413680564,-1.601296473051396,-0.17076158738298683,-0.17586311452816475,-0.1488170274736692,-0.23930884326944624,0.0,1.0,0.0,0.0,1.0,0.0,0.0,0.0,1.0,0.0,0.0,0.0,1.0,0.0
1.4892550771435396,3.2129226876338257,1.381636186113483,-0.3928950557592478,0.2397854929371582,-0.17076158738298683,-0.17586311452816475,-0.1488170274736692,-0.23930884326944624,0.0,1.0,0.0,0.0,0.0,1.0,0.0,0.0,1.0,0.0,1.0,0.0,0.0,0.0
1.4892550771435396,-1.3784361950082764,-0.874389924921823,0.373729443283187,1.2856072014276982,-0.17076158738298683,-0.17586311452816475,-0.1488170274736692,-0.23930884326944624,1.0,0.0,0.0,0.0,1.0,0.0,0.0,0.0,1.0,0.0,0.0,0.0,0.0,1.0
2.2147052071850455,-0.8847416914983729,-0.232956346182442,-1.1595195548016826,-0.46832295551997777,-0.17076158738298683,-0.17586311452816475,-0.1488170274736692,-0.23930884326944624,0.0,1.0,0.0,0.0,0.0,0.0,1.0,1.0,0.0,0.0,1.0,0.0,0.0,0.0
0.4413826670835866,0.3494945672763858,-1.888158327017931,-1.1595195548016826,-0.2613374090478919,-0.17076158738298683,-0.17586311452816475,-0.1488170274736692,-0.23930884326944624,0.0,0.0,0.0,1.0,1.0,0.0,0.0,1.0,0.0,0.0,0.0,1.0,0.0,0.0
0.4413826670835866,0.30012511692539545,-1.4067161901151461,-0.3928950557592478,-0.40295909873931923,-0.17076158738298683,-0.17586311452816475,-0.1488170274736692,-0.23930884326944624,1.0,0.0,0.0,0.0,1.0,0.0,0.0,1.0,0.0,0.0,1.0,0.0,0.0,0.0
-1.8155732930455426,0.5469723686803472,-0.8313341240605983,-0.3928950557592478,-0.7515663349028324,-0.17076158738298683,-0.17586311452816475,-0.1488170274736692,-0.23930884326944624,1.0,0.0,0.0,0.0,1.0,0.0,0.0,1.0,0.0,0.0,1.0,0.0,0.0,0.0
0.4413826670835866,-1.329066744657286,-0.24812373057673678,0.373729443283187,0.05458789872529224,-0.17076158738298683,-0.17586311452816475,-0.1488170274736692,-0.23930884326944624,1.0,0.0,0.0,0.0,0.0,0.0,1.0,0.0,1.0,0.0,0.0,0.0,0.0,1.0
0.03835481706052782,-0.04546103553153699,1.8899881985545333,0.373729443283187,0.8607421323534166,-0.17076158738298683,-0.17586311452816475,-0.1488170274736692,-0.23930884326944624,0.0,1.0,0.0,0.0,0.0,1.0,0.0,0.0,1.0,0.0,0.0,0.0,0.0,1.0
0.5219882370881984,-0.39104718798846944,-0.09424816954429202,-0.3928950557592478,-1.2635832130179925,-0.17076158738298683,5.686240703077327,-0.1488170274736692,-0.23930884326944624,0.0,1.0,0.0,0.0,0.0,0.0,1.0,0.0,1.0,0.0,1.0,0.0,0.0,0.0
-1.654362153036319,3.2129226876338257,-0.9472912241073056,5.74010093658023,-1.3725229743190903,-0.17076158738298683,-0.17586311452816475,-0.1488170274736692,-0.23930884326944624,0.0,1.0,0.0,0.0,1.0,0.0,0.0,0.0,1.0,0.0,1.0,0.0,0.0,0.0
-1.8155732930455426,0.3494945672763858,-1.0294886621150983,0.373729443283187,1.6451084137213217,-0.17076158738298683,-0.17586311452816475,-0.1488170274736692,-0.23930884326944624,1.0,0.0,0.0,0.0,1.0,0.0,0.0,0.0,1.0,0.0,0.0,1.0,0.0,0.0
0.2801715270743631,-1.0328500425513438,0.757327073625725,0.373729443283187,0.20710356454682916,-0.17076158738298683,-0.17586311452816475,-0.1488170274736692,-0.23930884326944624,0.0,0.0,1.0,0.0,0.0,0.0,1.0,0.0,1.0,0.0,0.0,0.0,0.0,1.0
-1.0901231630040369,1.5837308260511445,-0.4531280551318863,-1.1595195548016826,1.394546962728796,-0.17076158738298683,-0.17586311452816475,-0.1488170274736692,-0.23930884326944624,0.0,1.0,0.0,0.0,1.0,0.0,0.0,0.0,0.0,1.0,0.0,1.0,0.0,0.0
-0.8483064529902015,-0.44041663833945977,1.5538593895583814,0.373729443283187,0.5557108007103427,-0.17076158738298683,-0.17586311452816475,-0.1488170274736692,-0.23930884326944624,0.0,1.0,0.0,0.0,0.0,1.0,0.0,0.0,0.0,1.0,1.0,0.0,0.0,0.0
1.4086495071389278,1.4356224749981734,-1.252595993850535,-1.1595195548016826,-1.2091133323674434,-0.17076158738298683,-0.17586311452816475,-0.1488170274736692,-0.23930884326944624,1.0,0.0,0.0,0.0,1.0,0.0,0.0,0.0,1.0,0.0,0.0,0.0,1.0,0.0
-1.8155732930455426,-0.9834805922003536,-0.3415743892641678,-0.3928950557592478,-0.2395494567876724,-0.17076158738298683,-0.17586311452816475,-0.1488170274736692,-0.23930884326944624,0.0,1.0,0.0,0.0,1.0,0.0,0.0,1.0,0.0,0.0,0.0,1.0,0.0,0.0
-1.0901231630040369,-0.7860027907963922,0.1545458615685801,1.1403539423256217,-1.4160988788395295,-0.17076158738298683,-0.17586311452816475,-0.1488170274736692,-0.23930884326944624,0.0,0.0,1.0,0.0,0.0,0.0,1.0,0.0,1.0,0.0,1.0,0.0,0.0,0.0
0.3607770970789749,-0.14419993623351768,-0.07834687945349868,-1.1595195548016826,1.2202433446470393,-0.17076158738298683,-0.17586311452816475,-0.1488170274736692,-0.23930884326944624,0.0,1.0,0.0,0.0,0.0,0.0,1.0,0.0,1.0,0.0,0.0,1.0,0.0,0.0
0.5219882370881984,-0.4897860886904501,2.0255161171745244,-0.3928950557592478,0.6319686336211108,-0.17076158738298683,-0.17586311452816475,-0.1488170274736692,-0.23930884326944624,1.0,0.0,0.0,0.0,0.0,1.0,0.0,1.0,0.0,0.0,0.0,0.0,0.0,1.0
1.005621657115869,-1.1809583936043149,0.9197648677839821,0.373729443283187,0.2397854929371582,-0.17076158738298683,-0.17586311452816475,-0.1488170274736692,-0.23930884326944624,1.0,0.0,0.0,0.0,0.0,0.0,1.0,0.0,1.0,0.0,0.0,0.0,1.0,0.0
-0.1228563229486957,-0.5391555390414404,-0.5607675572849478,-0.3928950557592478,0.7300144187920987,-0.17076158738298683,-0.17586311452816475,-0.1488170274736692,-0.23930884326944624,0.0,1.0,0.0,0.0,1.0,0.0,0.0,0.0,1.0,0.0,1.0,0.0,0.0,0.0
0.9250160871112572,2.1267947799120384,-1.0862440359776215,-1.1595195548016826,0.8716361084835265,-0.17076158738298683,-0.17586311452816475,-0.1488170274736692,-0.23930884326944624,0.0,0.0,0.0,1.0,1.0,0.0,0.0,1.0,0.0,0.0,0.0,1.0,0.0,0.0
0.5219882370881984,-0.6872638900944115,0.521498709817654,-0.3928950557592478,-0.29401933743822134,-0.17076158738298683,-0.17586311452816475,-0.1488170274736692,-0.23930884326944624,0.0,0.0,0.0,1.0,0.0,0.0,1.0,0.0,1.0,0.0,0.0,0.0,0.0,1.0
0.03835481706052782,-0.39104718798846944,-0.09424816954429202,1.9069784413680564,-1.3616289981889804,5.8561179673106665,5.686240703077327,-0.1488170274736692,-0.23930884326944624,0.0,0.0,0.0,1.0,1.0,0.0,0.0,0.0,1.0,0.0,1.0,0.0,0.0,0.0
-1.0095175929994251,-0.5391555390414404,-0.3352138732278504,0.373729443283187,-0.4574289793898682,-0.17076158738298683,-0.17586311452816475,-0.1488170274736692,-0.23930884326944624,1.0,0.0,0.0,0.0,0.0,0.0,1.0,1.0,0.0,0.0,1.0,0.0,0.0,0.0
-0.042250752944083945,0.30012511692539545,1.3057992641420078,-0.3928950557592478,-0.7951422394232714,-0.17076158738298683,-0.17586311452816475,-0.1488170274736692,-0.23930884326944624,1.0,0.0,0.0,0.0,0.0,1.0,0.0,0.0,1.0,0.0,1.0,0.0,0.0,0.0
-0.4452786029671427,2.077425329561048,-0.46242419395419604,0.373729443283187,-0.5990506690812951,-0.17076158738298683,-0.17586311452816475,-0.1488170274736692,-0.23930884326944624,1.0,0.0,0.0,0.0,1.0,0.0,0.0,0.0,1.0,0.0,1.0,0.0,0.0,0.0
0.5219882370881984,0.1520167658724244,0.33851155615744905,1.1403539423256217,1.7213662466320898,-0.17076158738298683,-0.17586311452816475,-0.1488170274736692,-0.23930884326944624,1.0,0.0,0.0,0.0,0.0,0.0,1.0,0.0,1.0,0.0,0.0,0.0,1.0,0.0
1.0862272271204807,1.2875141239452024,-0.09424816954429202,2.673602940410491,-0.9149759768544793,-0.17076158738298683,5.686240703077327,-0.1488170274736692,-0.23930884326944624,0.0,0.0,1.0,0.0,1.0,0.0,0.0,0.0,1.0,0.0,1.0,0.0,0.0,0.0
-0.8483064529902015,0.9912974218392603,0.05082052313017535,-1.1595195548016826,1.3509710582083572,-0.17076158738298683,-0.17586311452816475,-0.1488170274736692,-0.23930884326944624,0.0,1.0,0.0,0.0,0.0,0.0,1.0,1.0,0.0,0.0,1.0,0.0,0.0,0.0
1.2474383671297042,1.4356224749981734,0.3712926772676997,-1.1595195548016826,-1.3943109265793099,-0.17076158738298683,-0.17586311452816475,-0.1488170274736692,-0.23930884326944624,0.0,0.0,0.0,1.0,0.0,0.0,1.0,1.0,0.0,0.0,0.0,1.0,0.0,0.0
-1.4125454430224837,-0.44041663833945977,-0.09424816954429202,-0.3928950557592478,-0.010775958055366654,-0.17076158738298683,5.686240703077327,-0.1488170274736692,-0.23930884326944624,0.0,1.0,0.0,0.0,0.0,0.0,1.0,0.0,1.0,0.0,0.0,1.0,0.0,0.0
-0.20346189295330747,-0.6378944397434212,0.8331639955972009,-0.3928950557592478,0.8171662278329775,-0.17076158738298683,-0.17586311452816475,-0.1488170274736692,-0.23930884326944624,1.0,0.0,0.0,0.0,0.0,0.0,1.0,1.0,0.0,0.0,0.0,0.0,1.0,0.0
0.4413826670835866,2.9660754358788743,0.3918420367696479,0.373729443283187,-0.2395494567876724,-0.17076158738298683,-0.17586311452816475,-0.1488170274736692,-0.23930884326944624,0.0,1.0,0.0,0.0,0.0,0.0,1.0,1.0,0.0,0.0,0.0,1.0,0.0,0.0
-1.0095175929994251,0.3494945672763858,1.8733530027672418,-0.3928950557592478,-0.021669934185476598,-0.17076158738298683,-0.17586311452816475,-0.1488170274736692,4.178700570935715,0.0,0.0,1.0,0.0,0.0,1.0,0.0,1.0,0.0,0.0,1.0,0.0,0.0,0.0
-1.2513343030132602,-1.2796972943062956,-0.11650997567140241,-0.3928950557592478,1.1875614162567103,-0.17076158738298683,-0.17586311452816475,-0.1488170274736692,-0.23930884326944624,1.0,0.0,0.0,0.0,0.0,0.0,1.0,0.0,1.0,0.0,1.0,0.0,0.0,0.0
0.5219882370881984,-1.1809583936043149,0.1408462885672813,-1.1595195548016826,-0.7842482632931619,-0.17076158738298683,-0.17586311452816475,-0.1488170274736692,-0.23930884326944624,1.0,0.0,0.0,0.0,0.0,0.0,1.0,0.0,1.0,0.0,0.0,1.0,0.0,0.0
2.4565219171988804,1.6331002764021347,1.3278164350369523,-0.3928950557592478,1.20934936851693,-0.17076158738298683,-0.17586311452816475,-0.1488170274736692,-0.23930884326944624,1.0,0.0,0.0,0.0,0.0,1.0,0.0,1.0,0.0,0.0,0.0,1.0,0.0,0.0
-1.0095175929994251,-0.8353722411473825,-0.8186130919879638,-0.3928950557592478,-1.1655374278470045,-0.17076158738298683,-0.17586311452816475,-0.1488170274736692,-0.23930884326944624,0.0,1.0,0.0,0.0,1.0,0.0,0.0,1.0,0.0,0.0,1.0,0.0,0.0,0.0
1.0862272271204807,1.2875141239452024,-0.710973589834902,0.373729443283187,-0.05435186257580566,-0.17076158738298683,-0.17586311452816475,-0.1488170274736692,-0.23930884326944624,0.0,0.0,1.0,0.0,1.0,0.0,0.0,1.0,0.0,0.0,1.0,0.0,0.0,0.0
0.03835481706052782,-0.7860027907963922,-0.5426645501046602,-1.1595195548016826,0.5774987529705619,5.8561179673106665,-0.17586311452816475,-0.1488170274736692,-0.23930884326944624,1.0,0.0,0.0,0.0,1.0,0.0,0.0,1.0,0.0,0.0,0.0,0.0,0.0,1.0
0.4413826670835866,-0.9834805922003536,-0.34989198715781356,-1.1595195548016826,-1.2526892368878826,-0.17076158738298683,-0.17586311452816475,-0.1488170274736692,-0.23930884326944624,0.0,1.0,0.0,0.0,0.0,0.0,1.0,1.0,0.0,0.0,1.0,0.0,0.0,0.0
0.19956595706975133,0.1520167658724244,1.676177005641406,-1.1595195548016826,-0.8060362155533815,-0.17076158738298683,-0.17586311452816475,-0.1488170274736692,-0.23930884326944624,0.0,1.0,0.0,0.0,0.0,1.0,0.0,1.0,0.0,0.0,0.0,1.0,0.0,0.0
-0.9289120229948132,-1.4278056453592667,0.19662312150114053,-0.3928950557592478,-1.1219615233265652,-0.17076158738298683,-0.17586311452816475,-0.1488170274736692,-0.23930884326944624,0.0,0.0,1.0,0.0,0.0,0.0,1.0,0.0,1.0,0.0,0.0,0.0,0.0,1.0
0.9250160871112572,-0.7366333404454019,2.016219978352215,0.373729443283187,1.4816987717696748,-0.17076158738298683,-0.17586311452816475,-0.1488170274736692,-0.23930884326944624,0.0,1.0,0.0,0.0,0.0,1.0,0.0,0.0,1.0,0.0,1.0,0.0,0.0,0.0
0.2801715270743631,0.3494945672763858,-0.9996431637908402,1.1403539423256217,-0.8714000723340399,-0.17076158738298683,-0.17586311452816475,-0.1488170274736692,-0.23930884326944624,0.0,1.0,0.0,0.0,1.0,0.0,0.0,0.0,1.0,0.0,0.0,1.0,0.0,0.0
-1.7349677230409308,-1.0328500425513438,-1.1493599258764622,2.673602940410491,-0.40295909873931923,-0.17076158738298683,-0.17586311452816475,-0.1488170274736692,-0.23930884326944624,1.0,0.0,0.0,0.0,1.0,0.0,0.0,1.0,0.0,0.0,0.0,1.0,0.0,0.0
-1.4125454430224837,0.003908414819453356,-0.7902354050567022,1.9069784413680564,-0.010775958055366654,-0.17076158738298683,-0.17586311452816475,-0.1488170274736692,-0.23930884326944624,0.0,0.0,0.0,1.0,1.0,0.0,0.0,0.0,1.0,0.0,1.0,0.0,0.0,0.0
0.11896038706513958,0.003908414819453356,-0.02893056255595683,-1.1595195548016826,1.1221975594760514,-0.17076158738298683,-0.17586311452816475,-0.1488170274736692,-0.23930884326944624,0.0,1.0,0.0,0.0,0.0,0.0,1.0,1.0,0.0,0.0,0.0,1.0,0.0,0.0
-0.36467303296253095,-1.4278056453592667,-0.09424816954429202,-1.1595195548016826,1.405440938858906,-0.17076158738298683,5.686240703077327,-0.1488170274736692,-0.23930884326944624,0.0,1.0,0.0,0.0,0.0,1.0,0.0,0.0,1.0,0.0,0.0,1.0,0.0,0.0
0.03835481706052782,1.1887752232432216,0.13791066578128858,0.373729443283187,-1.0348097142856867,5.8561179673106665,-0.17586311452816475,-0.1488170274736692,-0.23930884326944624,0.0,1.0,0.0,0.0,0.0,0.0,1.0,0.0,1.0,0.0,0.0,1.0,0.0,0.0
0.5219882370881984,1.7812086274551058,0.2127690468240997,-0.3928950557592478,2.124443363446152,-0.17076158738298683,-0.17586311452816475,-0.1488170274736692,-0.23930884326944624,0.0,0.0,0.0,1.0,0.0,0.0,1.0,1.0,0.0,0.0,1.0,0.0,0.0,0.0
-1.654362153036319,0.10264731552143405,1.5411383574857473,2.673602940410491,1.7758361272826388,-0.17076158738298683,-0.17586311452816475,-0.1488170274736692,-0.23930884326944624,1.0,0.0,0.0,0.0,0.0,1.0,0.0,0.0,1.0,0.0,0.0,0.0,1.0,0.0
-1.8155732930455426,-0.14419993623351768,-0.5147761336377306,-0.3928950557592478,0.8825300846136365,-0.17076158738298683,-0.17586311452816475,-0.1488170274736692,-0.23930884326944624,0.0,0.0,0.0,1.0,1.0,0.0,0.0,0.0,0.0,1.0,0.0,1.0,0.0,0.0
0.8444105171066454,-0.6378944397434212,2.53973937518756,0.373729443283187,0.2615734451973781,-0.17076158738298683,-0.17586311452816475,-0.1488170274736692,-0.23930884326944624,1.0,0.0,0.0,0.0,0.0,1.0,0.0,0.0,1.0,0.0,1.0,0.0,0.0,0.0
-0.1228563229486957,-0.19356938658450804,-1.1757805309503957,1.1403539423256217,0.16352766002639013,-0.17076158738298683,-0.17586311452816475,-0.1488170274736692,-0.23930884326944624,0.0,0.0,0.0,1.0,1.0,0.0,0.0,1.0,0.0,0.0,0.0,0.0,1.0,0.0
-0.687095312980978,0.003908414819453356,0.33851155615744905,-1.1595195548016826,-0.021669934185476598,-0.17076158738298683,-0.17586311452816475,-0.1488170274736692,4.178700570935715,0.0,0.0,1.0,0.0,0.0,0.0,1.0,1.0,0.0,0.0,0.0,0.0,0.0,1.0
-0.5258841729717545,-0.24293883693549836,0.18830552360749478,0.373729443283187,1.1330915356061613,-0.17076158738298683,-0.17586311452816475,-0.1488170274736692,-0.23930884326944624,0.0,0.0,1.0,0.0,0.0,0.0,1.0,0.0,1.0,0.0,0.0,0.0,0.0,1.0
-0.4452786029671427,0.0532778651704437,-0.22659583014612458,-0.3928950557592478,0.5121348961899029,-0.17076158738298683,-0.17586311452816475,-0.1488170274736692,-0.23930884326944624,0.0,0.0,0.0,1.0,0.0,0.0,1.0,1.0,0.0,0.0,0.0,0.0,0.0,1.0
-0.28406746295791924,-0.7860027907963922,-1.0505272920813784,0.373729443283187,-1.1219615233265652,-0.17076158738298683,-0.17586311452816475,-0.1488170274736692,-0.23930884326944624,0.0,0.0,0.0,1.0,1.0,0.0,0.0,0.0,1.0,0.0,0.0,1.0,0.0,0.0
-0.36467303296253095,0.9419279714882699,-0.6825959029036404,-1.1595195548016826,-0.5118988600404172,-0.17076158738298683,-0.17586311452816475,-0.1488170274736692,-0.23930884326944624,0.0,0.0,0.0,1.0,1.0,0.0,0.0,0.0,1.0,0.0,0.0,0.0,1.0,0.0
0.6831993770974218,-1.1315889432533246,-0.24127394407608774,-1.1595195548016826,-1.2635832130179925,-0.17076158738298683,-0.17586311452816475,-0.1488170274736692,-0.23930884326944624,0.0,0.0,0.0,1.0,0.0,0.0,1.0,1.0,0.0,0.0,0.0,0.0,0.0,1.0
-1.2513343030132602,-0.34167773763747905,0.34242571987210607,1.9069784413680564,-0.021669934185476598,-0.17076158738298683,-0.17586311452816475,-0.1488170274736692,4.178700570935715,0.0,0.0,1.0,0.0,0.0,0.0,1.0,0.0,1.0,0.0,0.0,1.0,0.0,0.0
-0.36467303296253095,0.6457112693823278,0.34731842451542677,-0.3928950557592478,0.566604776840452,-0.17076158738298683,-0.17586311452816475,-0.1488170274736692,-0.23930884326944624,0.0,0.0,1.0,0.0,0.0,0.0,1.0,0.0,1.0,0.0,0.0,0.0,0.0,1.0
-1.1707287330086487,-0.4897860886904501,-0.06856147016685692,-0.3928950557592478,-0.3267012658285504,-0.17076158738298683,-0.17586311452816475,-0.1488170274736692,-0.23930884326944624,0.0,0.0,0.0,1.0,0.0,0.0,1.0,0.0,1.0,0.0,1.0,0.0,0.0,0.0
-0.28406746295791924,-0.04546103553153699,-0.610673144646822,-0.3928950557592478,0.7844842994426477,-0.17076158738298683,-0.17586311452816475,-0.1488170274736692,-0.23930884326944624,1.0,0.0,0.0,0.0,1.0,0.0,0.0,1.0,0.0,0.0,0.0,0.0,0.0,1.0
0.8444105171066454,1.9786864288590673,-1.1141324524445513,0.373729443283187,-1.3398410459287609,-0.17076158738298683,-0.17586311452816475,-0.1488170274736692,-0.23930884326944624,0.0,0.0,0.0,1.0,1.0,0.0,0.0,0.0,1.0,0.0,0.0,1.0,0.0,0.0
0.8444105171066454,-0.39104718798846944,-0.686020796153965,-0.3928950557592478,1.0677276788255023,-0.17076158738298683,-0.17586311452816475,-0.1488170274736692,-0.23930884326944624,1.0,0.0,0.0,0.0,1.0,0.0,0.0,0.0,1.0,0.0,0.0,0.0,0.0,1.0
0.4413826670835866,-0.5885249893924308,-0.11112800056374936,0.373729443283187,-0.10882174322635461,-0.17076158738298683,-0.17586311452816475,-0.1488170274736692,-0.23930884326944624,1.0,0.0,0.0,0.0,0.0,0.0,1.0,0.0,1.0,0.0,1.0,0.0,0.0,0.0
0.5219882370881984,-0.7860027907963922,-1.1239178617311931,0.373729443283187,-0.07613981483602555,-0.17076158738298683,-0.17586311452816475,-0.1488170274736692,-0.23930884326944624,0.0,0.0,0.0,1.0,1.0,0.0,0.0,0.0,1.0,0.0,0.0,1.0,0.0,0.0
-0.36467303296253095,-0.2923082872864887,1.390443054471461,-1.1595195548016826,0.20710356454682916,-0.17076158738298683,-0.17586311452816475,-0.1488170274736692,-0.23930884326944624,1.0,0.0,0.0,0.0,0.0,0.0,1.0,0.0,0.0,1.0,1.0,0.0,0.0,0.0
-0.5258841729717545,2.768597634474913,1.3170524848216463,0.373729443283187,1.4381228672492352,-0.17076158738298683,-0.17586311452816475,-0.1488170274736692,-0.23930884326944624,0.0,0.0,0.0,1.0,0.0,1.0,0.0,0.0,1.0,0.0,0.0,1.0,0.0,0.0
-1.0095175929994251,0.5469723686803472,0.03614240920021219,-0.3928950557592478,-0.3811711464790994,-0.17076158738298683,-0.17586311452816475,6.719661163618754,-0.23930884326944624,0.0,0.0,0.0,1.0,0.0,0.0,1.0,1.0,0.0,0.0,1.0,0.0,0.0,0.0
0.3607770970789749,2.274903130965009,0.3106231396905194,1.1403539423256217,0.16352766002639013,-0.17076158738298683,-0.17586311452816475,-0.1488170274736692,-0.23930884326944624,0.0,1.0,0.0,0.0,0.0,0.0,1.0,0.0,1.0,0.0,0.0,0.0,1.0,0.0
-0.28406746295791924,0.8431890707862892,-0.6791710096533157,1.9069784413680564,-0.3811711464790994,-0.17076158738298683,-0.17586311452816475,-0.1488170274736692,-0.23930884326944624,0.0,0.0,0.0,1.0,1.0,0.0,0.0,1.0,0.0,0.0,0.0,1.0,0.0,0.0
0.2801715270743631,-0.34167773763747905,-0.49129115134979,0.373729443283187,0.22889151680704903,-0.17076158738298683,-0.17586311452816475,-0.1488170274736692,-0.23930884326944624,0.0,0.0,1.0,0.0,1.0,0.0,0.0,0.0,1.0,0.0,0.0,0.0,0.0,1.0
-0.042250752944083945,0.10264731552143405,-0.6414971838997443,-1.1595195548016826,-1.3616289981889804,-0.17076158738298683,-0.17586311452816475,-0.1488170274736692,-0.23930884326944624,0.0,1.0,0.0,0.0,1.0,0.0,0.0,0.0,1.0,0.0,1.0,0.0,0.0,0.0
-0.8483064529902015,-1.0328500425513438,-0.8993427186027599,1.1403539423256217,-1.7756000911331526,-0.17076158738298683,-0.17586311452816475,-0.1488170274736692,-0.23930884326944624,0.0,0.0,0.0,1.0,1.0,0.0,0.0,1.0,0.0,0.0,0.0,0.0,1.0,0.0
-0.20346189295330747,0.9912974218392603,1.9149409922354705,-0.3928950557592478,1.5688505808105528,-0.17076158738298683,-0.17586311452816475,-0.1488170274736692,-0.23930884326944624,0.0,0.0,0.0,1.0,0.0,1.0,0.0,1.0,0.0,0.0,1.0,0.0,0.0,0.0
-0.687095312980978,0.10264731552143405,0.08066602145443333,-1.1595195548016826,-0.5772627168210757,-0.17076158738298683,-0.17586311452816475,-0.1488170274736692,-0.23930884326944624,0.0,0.0,0.0,1.0,0.0,0.0,1.0,0.0,0.0,1.0,0.0,0.0,0.0,1.0
0.8444105171066454,0.3494945672763858,-1.4218835745094411,2.673602940410491,1.6451084137213217,-0.17076158738298683,-0.17586311452816475,-0.1488170274736692,-0.23930884326944624,0.0,1.0,0.0,0.0,1.0,0.0,0.0,0.0,1.0,0.0,0.0,1.0,0.0,0.0
-1.2513343030132602,0.8431890707862892,-0.4105615247349935,1.1403539423256217,-1.0130217620254673,-0.17076158738298683,-0.17586311452816475,-0.1488170274736692,-0.23930884326944624,1.0,0.0,0.0,0.0,1.0,0.0,0.0,0.0,1.0,0.0,0.0,1.0,0.0,0.0
-0.20346189295330747,-0.8847416914983729,-0.5651709914639368,1.9069784413680564,0.5883927291006718,-0.17076158738298683,-0.17586311452816475,-0.1488170274736692,-0.23930884326944624,0.0,1.0,0.0,0.0,1.0,0.0,0.0,0.0,1.0,0.0,0.0,0.0,1.0,0.0
0.3607770970789749,-0.7860027907963922,1.1932670573456254,0.373729443283187,0.6537565858813307,-0.17076158738298683,-0.17586311452816475,-0.1488170274736692,-0.23930884326944624,0.0,0.0,0.0,1.0,0.0,1.0,0.0,0.0,0.0,1.0,0.0,1.0,0.0,0.0
-0.36467303296253095,0.7938196204352989,1.5499452258437247,-0.3928950557592478,0.5121348961899029,-0.17076158738298683,-0.17586311452816475,-0.1488170274736692,-0.23930884326944624,0.0,1.0,0.0,0.0,0.0,1.0,0.0,0.0,1.0,0.0,0.0,0.0,0.0,1.0
-0.1228563229486957,-1.4278056453592667,0.7715159170913563,-0.3928950557592478,0.20710356454682916,-0.17076158738298683,-0.17586311452816475,-0.1488170274736692,-0.23930884326944624,0.0,1.0,0.0,0.0,0.0,0.0,1.0,0.0,1.0,0.0,0.0,1.0,0.0,0.0
0.9250160871112572,-1.2303278439553054,-1.2883127377467782,-0.3928950557592478,0.11995175550595114,-0.17076158738298683,-0.17586311452816475,-0.1488170274736692,-0.23930884326944624,1.0,0.0,0.0,0.0,1.0,0.0,0.0,0.0,0.0,1.0,0.0,1.0,0.0,0.0
-0.8483064529902015,0.3494945672763858,-0.09424816954429202,-1.1595195548016826,-0.3702771703489898,-0.17076158738298683,5.686240703077327,-0.1488170274736692,-0.23930884326944624,0.0,1.0,0.0,0.0,1.0,0.0,0.0,0.0,0.0,1.0,0.0,1.0,0.0,0.0
0.03835481706052782,0.20138621622341474,0.04494927755818994,-0.3928950557592478,0.6973324904017697,5.8561179673106665,-0.17586311452816475,-0.1488170274736692,-0.23930884326944624,0.0,1.0,0.0,0.0,0.0,0.0,1.0,0.0,0.0,1.0,0.0,1.0,0.0,0.0
-0.1228563229486957,-0.39104718798846944,0.2665887979006306,-1.1595195548016826,-1.5359326162707372,-0.17076158738298683,-0.17586311452816475,-0.1488170274736692,-0.23930884326944624,0.0,1.0,0.0,0.0,0.0,0.0,1.0,0.0,0.0,1.0,0.0,0.0,1.0,0.0
-0.28406746295791924,-0.14419993623351768,0.34193644940777373,-0.3928950557592478,0.8171662278329775,-0.17076158738298683,-0.17586311452816475,-0.1488170274736692,-0.23930884326944624,0.0,1.0,0.0,0.0,0.0,0.0,1.0,1.0,0.0,0.0,0.0,0.0,0.0,1.0
-1.0095175929994251,1.9293169785080768,-1.3250080225716856,-0.3928950557592478,-0.27223138517800144,-0.17076158738298683,-0.17586311452816475,6.719661163618754,-0.23930884326944624,0.0,1.0,0.0,0.0,1.0,0.0,0.0,0.0,1.0,0.0,0.0,0.0,0.0,1.0
0.2801715270743631,-1.1315889432533246,-1.153763360055451,0.373729443283187,-2.102419375036446,-0.17076158738298683,-0.17586311452816475,-0.1488170274736692,-0.23930884326944624,0.0,0.0,1.0,0.0,1.0,0.0,0.0,0.0,1.0,0.0,0.0,0.0,1.0,0.0
2.537127487203492,1.1887752232432216,-0.5617460982136121,-0.3928950557592478,-0.44653500325975826,-0.17076158738298683,-0.17586311452816475,-0.1488170274736692,-0.23930884326944624,0.0,0.0,0.0,1.0,1.0,0.0,0.0,1.0,0.0,0.0,0.0,0.0,1.0,0.0
0.2801715270743631,-0.04546103553153699,0.46376479502646634,0.373729443283187,0.17442163615650008,-0.17076158738298683,-0.17586311452816475,-0.1488170274736692,-0.23930884326944624,0.0,1.0,0.0,0.0,0.0,0.0,1.0,0.0,1.0,0.0,0.0,0.0,0.0,1.0
-0.28406746295791924,-1.1809583936043149,-1.1234285912668611,0.373729443283187,-0.7842482632931619,-0.17076158738298683,-0.17586311452816475,-0.1488170274736692,-0.23930884326944624,0.0,0.0,1.0,0.0,1.0,0.0,0.0,0.0,0.0,1.0,0.0,0.0,0.0,1.0
1.8116773571619864,-0.4897860886904501,-1.142999409840145,0.373729443283187,-0.5990506690812951,-0.17076158738298683,-0.17586311452816475,-0.1488170274736692,-0.23930884326944624,0.0,1.0,0.0,0.0,1.0,0.0,0.0,0.0,1.0,0.0,1.0,0.0,0.0,0.0
1.0862272271204807,3.2129226876338257,0.48724977731440694,-0.3928950557592478,-1.601296473051396,-0.17076158738298683,-0.17586311452816475,-0.1488170274736692,-0.23930884326944624,0.0,1.0,0.0,0.0,0.0,0.0,1.0,0.0,0.0,1.0,0.0,0.0,1.0,0.0
0.5219882370881984,1.2875141239452024,-1.5652398205587459,-1.1595195548016826,-0.5990506690812951,-0.17076158738298683,-0.17586311452816475,-0.1488170274736692,-0.23930884326944624,0.0,0.0,0.0,1.0,1.0,0.0,0.0,0.0,0.0,1.0,0.0,1.0,0.0,0.0
0.6025938070928101,0.10264731552143405,-0.09424816954429202,-1.1595195548016826,0.9805758697846244,-0.17076158738298683,5.686240703077327,-0.1488170274736692,-0.23930884326944624,0.0,0.0,0.0,1.0,1.0,0.0,0.0,0.0,1.0,0.0,0.0,1.0,0.0,0.0
-0.4452786029671427,0.10264731552143405,-0.28432974493731217,-1.1595195548016826,-0.8496121200738204,-0.17076158738298683,-0.17586311452816475,-0.1488170274736692,-0.23930884326944624,1.0,0.0,0.0,0.0,1.0,0.0,0.0,0.0,0.0,1.0,0.0,1.0,0.0,0.0
0.19956595706975133,-0.04546103553153699,1.2133271463832411,-0.3928950557592478,0.6973324904017697,-0.17076158738298683,-0.17586311452816475,-0.1488170274736692,-0.23930884326944624,0.0,1.0,0.0,0.0,0.0,1.0,0.0,0.0,1.0,0.0,0.0,1.0,0.0,0.0
0.2801715270743631,1.5837308260511445,-1.1571882533057758,-0.3928950557592478,-0.4901109077801973,-0.17076158738298683,-0.17586311452816475,-0.1488170274736692,-0.23930884326944624,0.0,1.0,0.0,0.0,1.0,0.0,0.0,0.0,1.0,0.0,1.0,0.0,0.0,0.0
-0.28406746295791924,1.6824697267531252,2.1762114201888108,-0.3928950557592478,-0.7951422394232714,-0.17076158738298683,-0.17586311452816475,-0.1488170274736692,-0.23930884326944624,0.0,0.0,1.0,0.0,0.0,1.0,0.0,1.0,0.0,0.0,0.0,0.0,0.0,1.0
-0.4452786029671427,-0.44041663833945977,-0.5632139096066084,-0.3928950557592478,0.5448168245802328,-0.17076158738298683,-0.17586311452816475,-0.1488170274736692,-0.23930884326944624,0.0,0.0,1.0,0.0,1.0,0.0,0.0,0.0,1.0,0.0,1.0,0.0,0.0,0.0
-1.1707287330086487,0.8925585211372796,0.8639880348501229,-1.1595195548016826,-0.021669934185476598,-0.17076158738298683,-0.17586311452816475,-0.1488170274736692,4.178700570935715,1.0,0.0,0.0,0.0,0.0,0.0,1.0,0.0,0.0,1.0,0.0,1.0,0.0,0.0
0.9250160871112572,0.7938196204352989,2.014752166959218,-0.3928950557592478,0.7082264665318796,-0.17076158738298683,-0.17586311452816475,-0.1488170274736692,-0.23930884326944624,1.0,0.0,0.0,0.0,0.0,1.0,0.0,0.0,1.0,0.0,0.0,1.0,0.0,0.0
1.5698606471481513,-0.44041663833945977,0.12470036324432213,2.673602940410491,-0.20686752839734296,-0.17076158738298683,-0.17586311452816475,-0.1488170274736692,-0.23930884326944624,0.0,1.0,0.0,0.0,0.0,0.0,1.0,0.0,1.0,0.0,0.0,0.0,0.0,1.0
0.11896038706513958,1.8799475281570865,-0.059754601808879156,-0.3928950557592478,-0.9585518813749183,-0.17076158738298683,-0.17586311452816475,-0.1488170274736692,-0.23930884326944624,1.0,0.0,0.0,0.0,0.0,0.0,1.0,0.0,1.0,0.0,0.0,0.0,0.0,1.0
-1.8155732930455426,1.7318391771041155,-0.07785760898916667,0.373729443283187,-0.6535205497318441,-0.17076158738298683,-0.17586311452816475,-0.1488170274736692,-0.23930884326944624,1.0,0.0,0.0,0.0,1.0,0.0,0.0,0.0,1.0,0.0,0.0,1.0,0.0,0.0
-0.7677008829855898,0.6950807197333182,-1.1478921144834662,1.9069784413680564,-1.9063278046944703,-0.17076158738298683,-0.17586311452816475,-0.1488170274736692,-0.23930884326944624,1.0,0.0,0.0,0.0,1.0,0.0,0.0,1.0,0.0,0.0,0.0,0.0,1.0,0.0
2.053494067175822,3.2129226876338257,1.9942028074572702,-0.3928950557592478,0.8825300846136365,-0.17076158738298683,-0.17586311452816475,-0.1488170274736692,-0.23930884326944624,1.0,0.0,0.0,0.0,0.0,1.0,0.0,1.0,0.0,0.0,0.0,1.0,0.0,0.0
-1.8155732930455426,0.10264731552143405,-0.9448448717856451,-1.1595195548016826,0.20710356454682916,-0.17076158738298683,-0.17586311452816475,-0.1488170274736692,-0.23930884326944624,0.0,0.0,0.0,1.0,1.0,0.0,0.0,0.0,0.0,1.0,0.0,0.0,0.0,1.0
-0.1228563229486957,0.003908414819453356,-0.8807504409581401,-1.1595195548016826,-1.0348097142856867,-0.17076158738298683,-0.17586311452816475,-0.1488170274736692,-0.23930884326944624,1.0,0.0,0.0,0.0,1.0,0.0,0.0,1.0,0.0,0.0,0.0,1.0,0.0,0.0
0.6831993770974218,3.1635532372828354,0.22940424261139122,0.373729443283187,0.5557108007103427,-0.17076158738298683,-0.17586311452816475,-0.1488170274736692,-0.23930884326944624,0.0,1.0,0.0,0.0,0.0,0.0,1.0,0.0,1.0,0.0,0.0,1.0,0.0,0.0
-1.8155732930455426,1.7812086274551058,2.3831728266012884,-1.1595195548016826,0.326937301978037,-0.17076158738298683,-0.17586311452816475,-0.1488170274736692,-0.23930884326944624,0.0,0.0,1.0,0.0,0.0,1.0,0.0,1.0,0.0,0.0,0.0,0.0,1.0,0.0
0.6831993770974218,1.6331002764021347,0.8796446897087496,-0.3928950557592478,-1.0130217620254673,-0.17076158738298683,-0.17586311452816475,-0.1488170274736692,-0.23930884326944624,0.0,1.0,0.0,0.0,0.0,0.0,1.0,1.0,0.0,0.0,1.0,0.0,0.0,0.0
0.03835481706052782,0.3494945672763858,-0.0993855094197789,-1.1595195548016826,0.9478939413942945,-0.17076158738298683,-0.17586311452816475,-0.1488170274736692,-0.23930884326944624,0.0,0.0,1.0,0.0,1.0,0.0,0.0,0.0,1.0,0.0,0.0,1.0,0.0,0.0
1.7310717871573746,-0.2923082872864887,-0.5876774328232134,-1.1595195548016826,1.492592747899784,-0.17076158738298683,-0.17586311452816475,-0.1488170274736692,-0.23930884326944624,0.0,0.0,0.0,1.0,1.0,0.0,0.0,0.0,1.0,0.0,1.0,0.0,0.0,0.0
1.6504662171527629,-0.8847416914983729,1.5974044608839382,-0.3928950557592478,1.0350457504351733,-0.17076158738298683,-0.17586311452816475,-0.1488170274736692,-0.23930884326944624,0.0,0.0,1.0,0.0,0.0,1.0,0.0,1.0,0.0,0.0,1.0,0.0,0.0,0.0
0.3607770970789749,-0.7860027907963922,0.14231409996027763,-1.1595195548016826,-0.2831253613081114,-0.17076158738298683,-0.17586311452816475,-0.1488170274736692,-0.23930884326944624,0.0,0.0,1.0,0.0,0.0,0.0,1.0,0.0,1.0,0.0,0.0,1.0,0.0,0.0
-0.28406746295791924,0.30012511692539545,2.2461770965883012,-0.3928950557592478,0.5883927291006718,-0.17076158738298683,-0.17586311452816475,-0.1488170274736692,-0.23930884326944624,0.0,0.0,1.0,0.0,0.0,1.0,0.0,0.0,1.0,0.0,0.0,0.0,1.0,0.0
1.1668327971250925,0.6457112693823278,0.5621081583572181,0.373729443283187,0.7626963471824286,-0.17076158738298683,-0.17586311452816475,-0.1488170274736692,-0.23930884326944624,1.0,0.0,0.0,0.0,0.0,0.0,1.0,0.0,1.0,0.0,0.0,0.0,0.0,1.0
0.19956595706975133,-0.6872638900944115,-0.6547074864367107,2.673602940410491,0.0872698271156213,-0.17076158738298683,-0.17586311452816475,-0.1488170274736692,-0.23930884326944624,0.0,0.0,0.0,1.0,1.0,0.0,0.0,0.0,1.0,0.0,0.0,1.0,0.0,0.0
0.2801715270743631,-0.7860027907963922,-0.6307332336844378,-0.3928950557592478,-0.021669934185476598,-0.17076158738298683,-0.17586311452816475,-0.1488170274736692,4.178700570935715,0.0,0.0,0.0,1.0,0.0,0.0,1.0,0.0,0.0,1.0,0.0,1.0,0.0,0.0
0.3607770970789749,-1.0822194929023343,-0.9830079680035488,-0.3928950557592478,-2.7887398712333633,-0.17076158738298683,-0.17586311452816475,-0.1488170274736692,-0.23930884326944624,0.0,1.0,0.0,0.0,1.0,0.0,0.0,0.0,1.0,0.0,0.0,1.0,0.0,0.0
-0.28406746295791924,0.9912974218392603,-1.0862440359776215,-1.1595195548016826,0.8607421323534166,-0.17076158738298683,-0.17586311452816475,-0.1488170274736692,-0.23930884326944624,0.0,0.0,1.0,0.0,1.0,0.0,0.0,0.0,0.0,1.0,0.0,1.0,0.0,0.0
0.11896038706513958,-0.6378944397434212,-0.21289625714482577,1.9069784413680564,-0.0434578864456961,-0.17076158738298683,-0.17586311452816475,-0.1488170274736692,-0.23930884326944624,1.0,0.0,0.0,0.0,0.0,0.0,1.0,0.0,1.0,0.0,1.0,0.0,0.0,0.0
-1.1707287330086487,-0.14419993623351768,1.9731641774909903,-0.3928950557592478,-0.9476579052448088,-0.17076158738298683,-0.17586311452816475,-0.1488170274736692,-0.23930884326944624,0.0,0.0,0.0,1.0,0.0,1.0,0.0,0.0,0.0,1.0,0.0,1.0,0.0,0.0
-1.4931510130270955,-0.4897860886904501,-1.0666732174043376,-1.1595195548016826,-1.7429181627428234,-0.17076158738298683,-0.17586311452816475,-0.1488170274736692,-0.23930884326944624,1.0,0.0,0.0,0.0,1.0,0.0,0.0,0.0,1.0,0.0,0.0,1.0,0.0,0.0
-1.331939873017872,3.2129226876338257,1.0171296901860696,-1.1595195548016826,0.8498481562233066,-0.17076158738298683,-0.17586311452816475,-0.1488170274736692,-0.23930884326944624,0.0,0.0,0.0,1.0,0.0,1.0,0.0,0.0,1.0,0.0,0.0,0.0,0.0,1.0
-1.8155732930455426,0.5963418190313375,0.29496648483189225,-0.3928950557592478,-0.5445807884307462,-0.17076158738298683,-0.17586311452816475,-0.1488170274736692,-0.23930884326944624,1.0,0.0,0.0,0.0,0.0,0.0,1.0,0.0,1.0,0.0,0.0,1.0,0.0,0.0
0.7638049471020336,0.3988640176273761,-0.42279328634329594,-0.3928950557592478,-0.9258699529845889,-0.17076158738298683,-0.17586311452816475,-0.1488170274736692,-0.23930884326944624,0.0,0.0,1.0,0.0,0.0,0.0,1.0,1.0,0.0,0.0,0.0,0.0,0.0,1.0
0.8444105171066454,0.10264731552143405,-0.2070250115728407,2.673602940410491,-1.0892795949362357,-0.17076158738298683,-0.17586311452816475,-0.1488170274736692,-0.23930884326944624,0.0,1.0,0.0,0.0,1.0,0.0,0.0,0.0,1.0,0.0,0.0,1.0,0.0,0.0
0.19956595706975133,0.9419279714882699,1.2881855274260523,0.373729443283187,-0.4356410271296483,-0.17076158738298683,-0.17586311452816475,-0.1488170274736692,-0.23930884326944624,0.0,1.0,0.0,0.0,0.0,0.0,1.0,0.0,1.0,0.0,0.0,0.0,0.0,1.0
-0.9289120229948132,-0.34167773763747905,-0.6821066324393084,1.1403539423256217,0.283361397457598,-0.17076158738298683,-0.17586311452816475,-0.1488170274736692,-0.23930884326944624,1.0,0.0,0.0,0.0,1.0,0.0,0.0,0.0,1.0,0.0,0.0,1.0,0.0,0.0
-1.654362153036319,1.3368835742961926,-0.07785760898916667,-0.3928950557592478,0.5992867052307818,-0.17076158738298683,-0.17586311452816475,-0.1488170274736692,-0.23930884326944624,0.0,0.0,1.0,0.0,0.0,0.0,1.0,1.0,0.0,0.0,0.0,1.0,0.0,0.0
0.6831993770974218,-0.7366333404454019,0.29839137808221694,1.1403539423256217,-0.10882174322635461,-0.17076158738298683,-0.17586311452816475,-0.1488170274736692,-0.23930884326944624,0.0,1.0,0.0,0.0,0.0,0.0,1.0,0.0,1.0,0.0,0.0,0.0,0.0,1.0
1.328043937134316,1.6331002764021347,0.7627090487333789,-0.3928950557592478,-0.9149759768544793,-0.17076158738298683,-0.17586311452816475,-0.1488170274736692,-0.23930884326944624,0.0,1.0,0.0,0.0,0.0,0.0,1.0,0.0,1.0,0.0,1.0,0.0,0.0,0.0
-0.9289120229948132,1.090036322541241,0.22940424261139122,1.1403539423256217,0.8934240607437456,-0.17076158738298683,-0.17586311452816475,-0.1488170274736692,-0.23930884326944624,0.0,0.0,1.0,0.0,0.0,0.0,1.0,0.0,1.0,0.0,0.0,1.0,0.0,0.0
0.9250160871112572,-0.6872638900944115,1.321945189464967,0.373729443283187,-0.675308501992064,-0.17076158738298683,-0.17586311452816475,-0.1488170274736692,-0.23930884326944624,1.0,0.0,0.0,0.0,0.0,1.0,0.0,1.0,0.0,0.0,1.0,0.0,0.0,0.0
-0.042250752944083945,0.3988640176273761,0.6110352047904279,-1.1595195548016826,-0.1306096954865745,-0.17076158738298683,-0.17586311452816475,-0.1488170274736692,-0.23930884326944624,0.0,1.0,0.0,0.0,0.0,0.0,1.0,0.0,0.0,1.0,0.0,1.0,0.0,0.0
-1.0901231630040369,-0.7860027907963922,0.5528120195349083,-0.3928950557592478,0.011011994204852849,-0.17076158738298683,-0.17586311452816475,-0.1488170274736692,-0.23930884326944624,1.0,0.0,0.0,0.0,0.0,0.0,1.0,1.0,0.0,0.0,0.0,0.0,0.0,1.0
0.03835481706052782,-0.9341111418493633,-0.1130850824210777,-1.1595195548016826,-1.6230844253116157,5.8561179673106665,-0.17586311452816475,-0.1488170274736692,-0.23930884326944624,0.0,0.0,0.0,1.0,0.0,0.0,1.0,0.0,0.0,1.0,0.0,0.0,0.0,1.0
0.8444105171066454,-0.7366333404454019,-0.5309220589606898,2.673602940410491,-0.7842482632931619,-0.17076158738298683,-0.17586311452816475,-0.1488170274736692,-0.23930884326944624,0.0,0.0,0.0,1.0,0.0,0.0,1.0,0.0,1.0,0.0,0.0,1.0,0.0,0.0
-1.654362153036319,0.9419279714882699,0.6394128917216895,-0.3928950557592478,0.1962095884167192,-0.17076158738298683,-0.17586311452816475,-0.1488170274736692,-0.23930884326944624,1.0,0.0,0.0,0.0,0.0,0.0,1.0,0.0,1.0,0.0,1.0,0.0,0.0,0.0
0.3607770970789749,2.5711198330709513,0.621309884541402,0.373729443283187,-0.6862024781221736,-0.17076158738298683,-0.17586311452816475,-0.1488170274736692,-0.23930884326944624,0.0,1.0,0.0,0.0,0.0,0.0,1.0,1.0,0.0,0.0,0.0,0.0,0.0,1.0
0.5219882370881984,-0.9834805922003536,-0.1028104026701036,1.1403539423256217,-0.3702771703489898,-0.17076158738298683,-0.17586311452816475,-0.1488170274736692,-0.23930884326944624,0.0,1.0,0.0,0.0,1.0,0.0,0.0,0.0,1.0,0.0,0.0,1.0,0.0,0.0
-0.28406746295791924,-1.2796972943062956,-0.2941151542239543,0.373729443283187,1.0568337026953925,-0.17076158738298683,-0.17586311452816475,-0.1488170274736692,-0.23930884326944624,1.0,0.0,0.0,0.0,1.0,0.0,0.0,1.0,0.0,0.0,0.0,0.0,0.0,1.0
0.19956595706975133,1.9293169785080768,-0.7951281097000229,0.373729443283187,0.6537565858813307,-0.17076158738298683,-0.17586311452816475,-0.1488170274736692,-0.23930884326944624,1.0,0.0,0.0,0.0,1.0,0.0,0.0,0.0,1.0,0.0,0.0,1.0,0.0,0.0
-0.28406746295791924,-0.34167773763747905,-0.40175465637701574,0.373729443283187,-0.6862024781221736,-0.17076158738298683,-0.17586311452816475,-0.1488170274736692,-0.23930884326944624,1.0,0.0,0.0,0.0,1.0,0.0,0.0,1.0,0.0,0.0,0.0,1.0,0.0,0.0
-1.8155732930455426,0.20138621622341474,-0.2828619335443158,-1.1595195548016826,1.656002389851431,-0.17076158738298683,-0.17586311452816475,-0.1488170274736692,-0.23930884326944624,0.0,1.0,0.0,0.0,0.0,0.0,1.0,0.0,0.0,1.0,1.0,0.0,0.0,0.0
1.5698606471481513,0.3494945672763858,-0.015230989554658014,1.1403539423256217,-1.7756000911331526,-0.17076158738298683,-0.17586311452816475,-0.1488170274736692,-0.23930884326944624,0.0,1.0,0.0,0.0,0.0,0.0,1.0,0.0,1.0,0.0,0.0,1.0,0.0,0.0
-0.687095312980978,-0.9341111418493633,1.3703829654338446,0.373729443283187,0.9805758697846244,-0.17076158738298683,-0.17586311452816475,-0.1488170274736692,-0.23930884326944624,1.0,0.0,0.0,0.0,0.0,1.0,0.0,0.0,1.0,0.0,0.0,1.0,0.0,0.0
-0.20346189295330747,-0.2923082872864887,2.7002200874884883,-1.1595195548016826,0.8498481562233066,-0.17076158738298683,-0.17586311452816475,-0.1488170274736692,-0.23930884326944624,1.0,0.0,0.0,0.0,0.0,1.0,0.0,1.0,0.0,0.0,1.0,0.0,0.0,0.0
-0.6064897429763663,1.1394057728922313,-1.062759053689681,1.9069784413680564,-0.9040820007243694,-0.17076158738298683,-0.17586311452816475,-0.1488170274736692,-0.23930884326944624,0.0,1.0,0.0,0.0,1.0,0.0,0.0,0.0,1.0,0.0,0.0,0.0,0.0,1.0
-1.0901231630040369,-0.9834805922003536,-0.09424816954429202,-1.1595195548016826,-0.9694458575050282,-0.17076158738298683,5.686240703077327,-0.1488170274736692,-0.23930884326944624,1.0,0.0,0.0,0.0,0.0,0.0,1.0,0.0,1.0,0.0,0.0,1.0,0.0,0.0
0.4413826670835866,-0.6378944397434212,1.7803916145441436,0.373729443283187,0.272467421327488,-0.17076158738298683,-0.17586311452816475,-0.1488170274736692,-0.23930884326944624,0.0,1.0,0.0,0.0,0.0,1.0,0.0,0.0,1.0,0.0,0.0,1.0,0.0,0.0
0.3607770970789749,2.768597634474913,0.36884632494603936,0.373729443283187,-0.4901109077801973,-0.17076158738298683,-0.17586311452816475,-0.1488170274736692,-0.23930884326944624,0.0,0.0,1.0,0.0,0.0,0.0,1.0,0.0,1.0,0.0,0.0,0.0,0.0,1.0
0.03835481706052782,0.1520167658724244,1.7216791588242917,-1.1595195548016826,2.7127180744720807,-0.17076158738298683,-0.17586311452816475,-0.1488170274736692,-0.23930884326944624,0.0,0.0,0.0,1.0,0.0,1.0,0.0,1.0,0.0,0.0,0.0,1.0,0.0,0.0
-0.6064897429763663,-1.329066744657286,0.22059737425341347,-1.1595195548016826,0.5774987529705619,-0.17076158738298683,-0.17586311452816475,-0.1488170274736692,-0.23930884326944624,0.0,1.0,0.0,0.0,0.0,0.0,1.0,1.0,0.0,0.0,1.0,0.0,0.0,0.0
-0.4452786029671427,0.0532778651704437,0.6472412191510033,0.373729443283187,-1.5795085207911763,-0.17076158738298683,-0.17586311452816475,-0.1488170274736692,-0.23930884326944624,0.0,1.0,0.0,0.0,0.0,0.0,1.0,1.0,0.0,0.0,0.0,1.0,0.0,0.0
0.6025938070928101,1.1887752232432216,-1.0382955304730759,-0.3928950557592478,-1.078385618806126,-0.17076158738298683,-0.17586311452816475,-0.1488170274736692,-0.23930884326944624,0.0,0.0,1.0,0.0,1.0,0.0,0.0,1.0,0.0,0.0,0.0,1.0,0.0,0.0
-0.042250752944083945,-0.5391555390414404,0.27637420718727274,-1.1595195548016826,-1.7211302104826036,-0.17076158738298683,-0.17586311452816475,-0.1488170274736692,-0.23930884326944624,0.0,0.0,1.0,0.0,0.0,0.0,1.0,0.0,1.0,0.0,0.0,0.0,0.0,1.0
-0.8483064529902015,0.25075566657440507,0.8957906150317095,-0.3928950557592478,0.2506794690672682,-0.17076158738298683,-0.17586311452816475,-0.1488170274736692,-0.23930884326944624,0.0,1.0,0.0,0.0,0.0,0.0,1.0,0.0,0.0,1.0,0.0,0.0,0.0,1.0
0.03835481706052782,-0.9341111418493633,0.3228549012988219,0.373729443283187,-0.021669934185476598,5.8561179673106665,-0.17586311452816475,-0.1488170274736692,4.178700570935715,0.0,0.0,1.0,0.0,0.0,0.0,1.0,0.0,0.0,1.0,1.0,0.0,0.0,0.0
0.19956595706975133,-0.7366333404454019,-0.8205701738452922,-0.3928950557592478,-1.241795260757773,-0.17076158738298683,-0.17586311452816475,-0.1488170274736692,-0.23930884326944624,1.0,0.0,0.0,0.0,1.0,0.0,0.0,0.0,1.0,0.0,0.0,0.0,0.0,1.0
-0.20346189295330747,0.20138621622341474,0.3536789405517442,0.373729443283187,-0.42474705099953874,-0.17076158738298683,-0.17586311452816475,-0.1488170274736692,-0.23930884326944624,0.0,0.0,1.0,0.0,0.0,0.0,1.0,1.0,0.0,0.0,0.0,0.0,0.0,1.0
-1.1707287330086487,-0.24293883693549836,-0.08715374781147643,1.1403539423256217,1.2856072014276982,-0.17076158738298683,-0.17586311452816475,-0.1488170274736692,-0.23930884326944624,0.0,0.0,1.0,0.0,0.0,0.0,1.0,0.0,1.0,0.0,0.0,0.0,0.0,1.0
-0.4452786029671427,-0.7860027907963922,0.10855443792136296,-0.3928950557592478,-1.0348097142856867,-0.17076158738298683,-0.17586311452816475,-0.1488170274736692,-0.23930884326944624,0.0,0.0,0.0,1.0,0.0,0.0,1.0,0.0,1.0,0.0,0.0,0.0,0.0,1.0
-1.654362153036319,-0.24293883693549836,-1.0353599076870834,-1.1595195548016826,0.6101806813608917,-0.17076158738298683,-0.17586311452816475,-0.1488170274736692,-0.23930884326944624,0.0,0.0,0.0,1.0,1.0,0.0,0.0,1.0,0.0,0.0,0.0,1.0,0.0,0.0
-1.7349677230409308,-0.39104718798846944,-0.009359743982672959,-0.3928950557592478,-0.5554747645608562,-0.17076158738298683,-0.17586311452816475,-0.1488170274736692,-0.23930884326944624,0.0,1.0,0.0,0.0,0.0,0.0,1.0,0.0,1.0,0.0,1.0,0.0,0.0,0.0
0.19956595706975133,-0.34167773763747905,-0.9795830747532241,1.1403539423256217,-1.5795085207911763,-0.17076158738298683,-0.17586311452816475,-0.1488170274736692,-0.23930884326944624,0.0,0.0,0.0,1.0,1.0,0.0,0.0,0.0,1.0,0.0,0.0,0.0,0.0,1.0
0.6831993770974218,-1.1315889432533246,-1.107771936408234,-1.1595195548016826,-1.2091133323674434,-0.17076158738298683,-0.17586311452816475,-0.1488170274736692,-0.23930884326944624,0.0,1.0,0.0,0.0,1.0,0.0,0.0,1.0,0.0,0.0,0.0,0.0,0.0,1.0
-1.0095175929994251,-0.44041663833945977,2.454117043929443,-1.1595195548016826,0.3814071826285859,-0.17076158738298683,-0.17586311452816475,-0.1488170274736692,-0.23930884326944624,1.0,0.0,0.0,0.0,0.0,1.0,0.0,0.0,0.0,1.0,0.0,0.0,1.0,0.0
-1.0901231630040369,-0.24293883693549836,-0.11357435288540971,-0.3928950557592478,-0.6317325974716246,-0.17076158738298683,-0.17586311452816475,-0.1488170274736692,-0.23930884326944624,0.0,0.0,0.0,1.0,0.0,0.0,1.0,0.0,1.0,0.0,0.0,1.0,0.0,0.0
-1.0901231630040369,0.3494945672763858,0.9951125192911257,-0.3928950557592478,-0.021669934185476598,-0.17076158738298683,-0.17586311452816475,-0.1488170274736692,4.178700570935715,1.0,0.0,0.0,0.0,0.0,0.0,1.0,0.0,1.0,0.0,0.0,1.0,0.0,0.0
1.005621657115869,-0.39104718798846944,0.9633099391095389,1.1403539423256217,-0.021669934185476598,-0.17076158738298683,-0.17586311452816475,-0.1488170274736692,4.178700570935715,0.0,0.0,1.0,0.0,0.0,1.0,0.0,0.0,1.0,0.0,0.0,0.0,0.0,1.0
1.6504662171527629,0.003908414819453356,0.23136132446871957,-1.1595195548016826,0.44677103940924484,-0.17076158738298683,-0.17586311452816475,-0.1488170274736692,-0.23930884326944624,0.0,0.0,1.0,0.0,0.0,0.0,1.0,0.0,1.0,0.0,0.0,1.0,0.0,0.0
2.1340996371804337,-0.04546103553153699,-0.874389924921823,-0.3928950557592478,0.8825300846136365,-0.17076158738298683,-0.17586311452816475,-0.1488170274736692,-0.23930884326944624,0.0,0.0,1.0,0.0,1.0,0.0,0.0,0.0,0.0,1.0,1.0,0.0,0.0,0.0
-0.1228563229486957,-0.6872638900944115,-1.1752912604860635,-0.3928950557592478,0.0872698271156213,-0.17076158738298683,-0.17586311452816475,-0.1488170274736692,-0.23930884326944624,1.0,0.0,0.0,0.0,1.0,0.0,0.0,0.0,1.0,0.0,1.0,0.0,0.0,0.0
0.9250160871112572,-1.1315889432533246,-1.5632827387014177,0.373729443283187,-0.5990506690812951,-0.17076158738298683,-0.17586311452816475,-0.1488170274736692,-0.23930884326944624,0.0,0.0,1.0,0.0,1.0,0.0,0.0,0.0,1.0,0.0,0.0,0.0,0.0,1.0
-0.9289120229948132,-0.09483048588252734,0.28615961647391447,0.373729443283187,1.525274676290114,-0.17076158738298683,-0.17586311452816475,-0.1488170274736692,-0.23930884326944624,0.0,1.0,0.0,0.0,0.0,0.0,1.0,0.0,1.0,0.0,0.0,1.0,0.0,0.0
1.4086495071389278,0.20138621622341474,-1.043188235116397,2.673602940410491,-1.1437494755867847,-0.17076158738298683,-0.17586311452816475,-0.1488170274736692,-0.23930884326944624,0.0,0.0,0.0,1.0,1.0,0.0,0.0,1.0,0.0,0.0,0.0,0.0,0.0,1.0
-0.5258841729717545,-1.329066744657286,1.593979567633614,-0.3928950557592478,-1.0130217620254673,-0.17076158738298683,-0.17586311452816475,-0.1488170274736692,-0.23930884326944624,0.0,1.0,0.0,0.0,0.0,1.0,0.0,1.0,0.0,0.0,0.0,1.0,0.0,0.0
-1.0901231630040369,1.4849919253491637,-1.1997547837026685,-0.3928950557592478,1.503486724029894,-0.17076158738298683,-0.17586311452816475,-0.1488170274736692,-0.23930884326944624,0.0,0.0,0.0,1.0,1.0,0.0,0.0,0.0,1.0,0.0,0.0,1.0,0.0,0.0
-0.20346189295330747,0.0532778651704437,1.434966666725682,-0.3928950557592478,1.470804795639565,-0.17076158738298683,-0.17586311452816475,-0.1488170274736692,-0.23930884326944624,1.0,0.0,0.0,0.0,0.0,1.0,0.0,1.0,0.0,0.0,1.0,0.0,0.0,0.0
-0.5258841729717545,0.1520167658724244,0.3708034068033677,1.1403539423256217,0.6319686336211108,-0.17076158738298683,-0.17586311452816475,-0.1488170274736692,-0.23930884326944624,0.0,0.0,1.0,0.0,0.0,0.0,1.0,1.0,0.0,0.0,0.0,1.0,0.0,0.0
0.3607770970789749,0.1520167658724244,0.39918109373462934,-0.3928950557592478,1.6451084137213217,-0.17076158738298683,-0.17586311452816475,-0.1488170274736692,-0.23930884326944624,0.0,1.0,0.0,0.0,0.0,0.0,1.0,0.0,0.0,1.0,0.0,0.0,1.0,0.0
1.5698606471481513,-0.04546103553153699,1.937447433594747,-0.3928950557592478,1.6233204614611019,-0.17076158738298683,-0.17586311452816475,-0.1488170274736692,-0.23930884326944624,0.0,1.0,0.0,0.0,0.0,1.0,0.0,1.0,0.0,0.0,0.0,0.0,0.0,1.0
1.1668327971250925,1.6331002764021347,-1.1782268832720562,1.1403539423256217,-0.31580728969844085,-0.17076158738298683,-0.17586311452816475,-0.1488170274736692,-0.23930884326944624,0.0,1.0,0.0,0.0,1.0,0.0,0.0,0.0,1.0,0.0,1.0,0.0,0.0,0.0
-1.4125454430224837,-0.9341111418493633,2.0308980922821775,0.373729443283187,2.1462313157063715,-0.17076158738298683,-0.17586311452816475,-0.1488170274736692,-0.23930884326944624,0.0,1.0,0.0,0.0,0.0,1.0,0.0,0.0,1.0,0.0,0.0,0.0,0.0,1.0
2.2147052071850455,-0.4897860886904501,-1.1273427549815178,0.373729443283187,-0.021669934185476598,-0.17076158738298683,-0.17586311452816475,-0.1488170274736692,4.178700570935715,0.0,0.0,1.0,0.0,1.0,0.0,0.0,1.0,0.0,0.0,1.0,0.0,0.0,0.0
0.6025938070928101,-1.0822194929023343,0.17558449153486033,-0.3928950557592478,-0.27223138517800144,-0.17076158738298683,-0.17586311452816475,-0.1488170274736692,-0.23930884326944624,0.0,0.0,0.0,1.0,0.0,0.0,1.0,0.0,0.0,1.0,0.0,0.0,0.0,1.0
-0.1228563229486957,0.3494945672763858,-0.4384499412019231,1.9069784413680564,-0.1741856000070135,-0.17076158738298683,-0.17586311452816475,-0.1488170274736692,-0.23930884326944624,0.0,0.0,1.0,0.0,1.0,0.0,0.0,0.0,1.0,0.0,1.0,0.0,0.0,0.0
0.11896038706513958,1.9786864288590673,1.595936649490942,-0.3928950557592478,1.1875614162567103,-0.17076158738298683,-0.17586311452816475,-0.1488170274736692,-0.23930884326944624,1.0,0.0,0.0,0.0,0.0,1.0,0.0,0.0,1.0,0.0,0.0,1.0,0.0,0.0
0.6025938070928101,2.0280558792100574,0.18928406453615915,-0.3928950557592478,0.8498481562233066,-0.17076158738298683,-0.17586311452816475,-0.1488170274736692,-0.23930884326944624,0.0,0.0,1.0,0.0,0.0,0.0,1.0,0.0,1.0,0.0,0.0,1.0,0.0,0.0
-1.331939873017872,-0.7860027907963922,-1.529523076662503,0.373729443283187,-0.0652458387059156,-0.17076158738298683,-0.17586311452816475,-0.1488170274736692,-0.23930884326944624,0.0,0.0,0.0,1.0,1.0,0.0,0.0,0.0,1.0,0.0,0.0,1.0,0.0,0.0
0.8444105171066454,-0.6378944397434212,-1.1351710824108314,-1.1595195548016826,0.8825300846136365,-0.17076158738298683,-0.17586311452816475,-0.1488170274736692,-0.23930884326944624,0.0,0.0,1.0,0.0,1.0,0.0,0.0,1.0,0.0,0.0,0.0,1.0,0.0,0.0
-0.36467303296253095,-1.2303278439553054,-0.61018387418249,2.673602940410491,0.05458789872529224,-0.17076158738298683,-0.17586311452816475,-0.1488170274736692,-0.23930884326944624,1.0,0.0,0.0,0.0,1.0,0.0,0.0,0.0,1.0,0.0,1.0,0.0,0.0,0.0
0.5219882370881984,-1.1809583936043149,0.21766175146742076,0.373729443283187,1.6015325092008819,-0.17076158738298683,-0.17586311452816475,-0.1488170274736692,-0.23930884326944624,1.0,0.0,0.0,0.0,0.0,0.0,1.0,1.0,0.0,0.0,0.0,1.0,0.0,0.0
-0.8483064529902015,1.090036322541241,1.0787777686919142,-0.3928950557592478,0.2397854929371582,-0.17076158738298683,-0.17586311452816475,-0.1488170274736692,-0.23930884326944624,0.0,0.0,1.0,0.0,0.0,0.0,1.0,0.0,1.0,0.0,0.0,1.0,0.0,0.0
0.6025938070928101,0.25075566657440507,-0.09424816954429202,-0.3928950557592478,-2.1459952795568853,-0.17076158738298683,5.686240703077327,-0.1488170274736692,-0.23930884326944624,1.0,0.0,0.0,0.0,0.0,0.0,1.0,1.0,0.0,0.0,1.0,0.0,0.0,0.0
0.11896038706513958,-0.9341111418493633,0.2837132641522541,-1.1595195548016826,1.0786216549556122,-0.17076158738298683,-0.17586311452816475,-0.1488170274736692,-0.23930884326944624,1.0,0.0,0.0,0.0,0.0,0.0,1.0,0.0,1.0,0.0,1.0,0.0,0.0,0.0
0.4413826670835866,0.6457112693823278,1.9624002272756842,-0.3928950557592478,0.272467421327488,-0.17076158738298683,-0.17586311452816475,6.719661163618754,-0.23930884326944624,0.0,0.0,1.0,0.0,0.0,1.0,0.0,1.0,0.0,0.0,0.0,0.0,1.0,0.0
0.3607770970789749,3.114183786931845,0.2196188333247491,-0.3928950557592478,-0.3702771703489898,-0.17076158738298683,-0.17586311452816475,-0.1488170274736692,-0.23930884326944624,0.0,0.0,0.0,1.0,1.0,0.0,0.0,0.0,1.0,0.0,0.0,0.0,0.0,1.0
-0.9289120229948132,-0.6872638900944115,0.28909523925990716,1.1403539423256217,0.283361397457598,-0.17076158738298683,-0.17586311452816475,-0.1488170274736692,-0.23930884326944624,0.0,0.0,0.0,1.0,0.0,0.0,1.0,0.0,1.0,0.0,0.0,0.0,0.0,1.0
-0.042250752944083945,-0.8353722411473825,-1.003068057041165,1.1403539423256217,0.9587879175244045,-0.17076158738298683,-0.17586311452816475,-0.1488170274736692,-0.23930884326944624,0.0,0.0,1.0,0.0,1.0,0.0,0.0,1.0,0.0,0.0,1.0,0.0,0.0,0.0
0.6025938070928101,-0.8353722411473825,1.4462198874053203,0.373729443283187,0.6755445381415498,-0.17076158738298683,-0.17586311452816475,-0.1488170274736692,-0.23930884326944624,0.0,0.0,1.0,0.0,0.0,1.0,0.0,0.0,1.0,0.0,0.0,1.0,0.0,0.0
1.0862272271204807,0.5963418190313375,-0.3435314711214961,1.1403539423256217,0.1526336838962802,-0.17076158738298683,-0.17586311452816475,-0.1488170274736692,-0.23930884326944624,1.0,0.0,0.0,0.0,0.0,0.0,1.0,0.0,1.0,0.0,1.0,0.0,0.0,0.0
0.8444105171066454,-0.2923082872864887,1.9403830563807396,-0.3928950557592478,-0.40295909873931923,-0.17076158738298683,-0.17586311452816475,-0.1488170274736692,-0.23930884326944624,0.0,1.0,0.0,0.0,0.0,1.0,0.0,1.0,0.0,0.0,0.0,0.0,0.0,1.0
-1.2513343030132602,-0.44041663833945977,-0.23148853478944562,-1.1595195548016826,0.6101806813608917,-0.17076158738298683,-0.17586311452816475,-0.1488170274736692,-0.23930884326944624,1.0,0.0,0.0,0.0,0.0,0.0,1.0,1.0,0.0,0.0,0.0,0.0,1.0,0.0
-1.8155732930455426,0.3494945672763858,-0.9600122561799402,-0.3928950557592478,-0.5118988600404172,-0.17076158738298683,-0.17586311452816475,-0.1488170274736692,-0.23930884326944624,0.0,0.0,1.0,0.0,1.0,0.0,0.0,0.0,1.0,0.0,0.0,0.0,0.0,1.0
-0.6064897429763663,-0.44041663833945977,-1.4580895888700165,-0.3928950557592478,-1.9607976853450193,-0.17076158738298683,-0.17586311452816475,6.719661163618754,-0.23930884326944624,0.0,0.0,1.0,0.0,1.0,0.0,0.0,0.0,1.0,0.0,1.0,0.0,0.0,0.0
0.2801715270743631,0.003908414819453356,-0.11210654149241371,-1.1595195548016826,0.35961923036836607,-0.17076158738298683,-0.17586311452816475,-0.1488170274736692,-0.23930884326944624,0.0,1.0,0.0,0.0,0.0,0.0,1.0,1.0,0.0,0.0,0.0,0.0,0.0,1.0
0.03835481706052782,-0.5885249893924308,-0.9184242667117118,-0.3928950557592478,-1.2635832130179925,5.8561179673106665,-0.17586311452816475,-0.1488170274736692,-0.23930884326944624,0.0,1.0,0.0,0.0,1.0,0.0,0.0,0.0,1.0,0.0,1.0,0.0,0.0,0.0
-1.7349677230409308,-0.5885249893924308,-0.9428877899283168,-0.3928950557592478,-1.9607976853450193,-0.17076158738298683,-0.17586311452816475,-0.1488170274736692,-0.23930884326944624,0.0,0.0,1.0,0.0,1.0,0.0,0.0,1.0,0.0,0.0,0.0,1.0,0.0,0.0
0.5219882370881984,0.3494945672763858,0.4446832469175145,0.373729443283187,-0.0434578864456961,-0.17076158738298683,-0.17586311452816475,-0.1488170274736692,-0.23930884326944624,1.0,0.0,0.0,0.0,0.0,0.0,1.0,0.0,1.0,0.0,0.0,0.0,0.0,1.0
-1.0095175929994251,0.20138621622341474,0.3267690650134789,-0.3928950557592478,-0.773354287163052,-0.17076158738298683,-0.17586311452816475,-0.1488170274736692,-0.23930884326944624,0.0,0.0,1.0,0.0,0.0,0.0,1.0,0.0,1.0,0.0,1.0,0.0,0.0,0.0
0.2801715270743631,-1.0328500425513438,1.3356447624662657,1.1403539423256217,-0.021669934185476598,-0.17076158738298683,-0.17586311452816475,-0.1488170274736692,4.178700570935715,0.0,0.0,0.0,1.0,0.0,1.0,0.0,0.0,1.0,0.0,0.0,0.0,0.0,1.0
0.3607770970789749,-0.2923082872864887,1.4031640865440953,0.373729443283187,0.5774987529705619,-0.17076158738298683,-0.17586311452816475,-0.1488170274736692,-0.23930884326944624,0.0,0.0,1.0,0.0,0.0,1.0,0.0,1.0,0.0,0.0,0.0,0.0,0.0,1.0
-0.8483064529902015,-0.9834805922003536,-0.3768018626960788,0.373729443283187,-0.10882174322635461,-0.17076158738298683,-0.17586311452816475,-0.1488170274736692,-0.23930884326944624,0.0,0.0,1.0,0.0,1.0,0.0,0.0,0.0,0.0,1.0,0.0,1.0,0.0,0.0
-0.6064897429763663,1.090036322541241,0.37324975912502806,-0.3928950557592478,0.21799754067693908,-0.17076158738298683,-0.17586311452816475,-0.1488170274736692,-0.23930884326944624,1.0,0.0,0.0,0.0,0.0,0.0,1.0,0.0,1.0,0.0,0.0,1.0,0.0,0.0
-0.4452786029671427,-0.6872638900944115,1.6091469520279091,-0.3928950557592478,1.5361686524202238,-0.17076158738298683,-0.17586311452816475,-0.1488170274736692,-0.23930884326944624,1.0,0.0,0.0,0.0,0.0,1.0,0.0,0.0,1.0,0.0,0.0,1.0,0.0,0.0
-0.6064897429763663,-0.24293883693549836,-0.809806223629986,-0.3928950557592478,0.10905777937584119,-0.17076158738298683,-0.17586311452816475,-0.1488170274736692,-0.23930884326944624,0.0,0.0,1.0,0.0,1.0,0.0,0.0,0.0,0.0,1.0,0.0,0.0,1.0,0.0
2.6983386272127157,-0.7366333404454019,0.21815102193175276,-1.1595195548016826,-0.5990506690812951,-0.17076158738298683,-0.17586311452816475,-0.1488170274736692,-0.23930884326944624,0.0,0.0,1.0,0.0,0.0,0.0,1.0,0.0,1.0,0.0,0.0,0.0,0.0,1.0
0.6831993770974218,-0.5391555390414404,1.8728637323029103,-0.3928950557592478,-0.021669934185476598,-0.17076158738298683,-0.17586311452816475,-0.1488170274736692,4.178700570935715,0.0,1.0,0.0,0.0,0.0,1.0,0.0,0.0,1.0,0.0,0.0,0.0,0.0,1.0
1.5698606471481513,-0.7860027907963922,-0.13510225331602227,-1.1595195548016826,-1.1764314039771142,-0.17076158738298683,-0.17586311452816475,-0.1488170274736692,-0.23930884326944624,0.0,0.0,0.0,1.0,0.0,0.0,1.0,0.0,0.0,1.0,0.0,1.0,0.0,0.0
0.5219882370881984,-1.1315889432533246,-0.7687075046260896,-1.1595195548016826,1.4816987717696748,-0.17076158738298683,-0.17586311452816475,-0.1488170274736692,-0.23930884326944624,0.0,0.0,1.0,0.0,1.0,0.0,0.0,0.0,1.0,0.0,0.0,0.0,0.0,1.0
1.7310717871573746,-1.477175095710257,-0.17277607906959366,0.373729443283187,1.547062628550333,-0.17076158738298683,-0.17586311452816475,-0.1488170274736692,-0.23930884326944624,0.0,0.0,1.0,0.0,0.0,0.0,1.0,0.0,1.0,0.0,0.0,0.0,0.0,1.0
-0.8483064529902015,-1.3784361950082764,-0.4536173255962183,-0.3928950557592478,1.71047227050198,-0.17076158738298683,-0.17586311452816475,-0.1488170274736692,-0.23930884326944624,0.0,0.0,1.0,0.0,0.0,0.0,1.0,0.0,1.0,0.0,0.0,1.0,0.0,0.0
-0.7677008829855898,0.3988640176273761,-0.3058576453679244,-0.3928950557592478,2.24427710087736,-0.17076158738298683,-0.17586311452816475,-0.1488170274736692,-0.23930884326944624,1.0,0.0,0.0,0.0,0.0,0.0,1.0,1.0,0.0,0.0,0.0,0.0,0.0,1.0
0.3607770970789749,-0.39104718798846944,-1.6968535754640803,1.1403539423256217,-0.021669934185476598,-0.17076158738298683,-0.17586311452816475,-0.1488170274736692,4.178700570935715,1.0,0.0,0.0,0.0,1.0,0.0,0.0,0.0,1.0,0.0,0.0,0.0,0.0,1.0
1.7310717871573746,-0.39104718798846944,0.3889064139836552,0.373729443283187,-0.675308501992064,-0.17076158738298683,-0.17586311452816475,-0.1488170274736692,-0.23930884326944624,0.0,0.0,1.0,0.0,0.0,0.0,1.0,0.0,1.0,0.0,0.0,1.0,0.0,0.0
-0.4452786029671427,-0.44041663833945977,0.5640652402145464,1.1403539423256217,0.6973324904017697,-0.17076158738298683,-0.17586311452816475,-0.1488170274736692,-0.23930884326944624,0.0,0.0,1.0,0.0,0.0,0.0,1.0,0.0,1.0,0.0,0.0,1.0,0.0,0.0
-0.6064897429763663,0.3988640176273761,1.6477993187101445,-0.3928950557592478,2.0263975782751644,-0.17076158738298683,-0.17586311452816475,-0.1488170274736692,-0.23930884326944624,0.0,0.0,1.0,0.0,0.0,1.0,0.0,1.0,0.0,0.0,0.0,1.0,0.0,0.0
0.7638049471020336,-1.0328500425513438,0.13301796113796788,-0.3928950557592478,0.4358770632791349,-0.17076158738298683,-0.17586311452816475,-0.1488170274736692,-0.23930884326944624,0.0,0.0,0.0,1.0,0.0,0.0,1.0,1.0,0.0,0.0,0.0,1.0,0.0,0.0
2.053494067175822,-0.5885249893924308,-0.17864732464157906,3.440227439452926,0.5230288723200129,-0.17076158738298683,-0.17586311452816475,-0.1488170274736692,-0.23930884326944624,1.0,0.0,0.0,0.0,0.0,0.0,1.0,0.0,1.0,0.0,1.0,0.0,0.0,0.0
-0.8483064529902015,-1.0822194929023343,0.12518963370865413,0.373729443283187,-0.21776150452745252,-0.17076158738298683,-0.17586311452816475,-0.1488170274736692,-0.23930884326944624,0.0,1.0,0.0,0.0,0.0,0.0,1.0,1.0,0.0,0.0,0.0,1.0,0.0,0.0
0.6831993770974218,0.10264731552143405,-1.063248324154013,-0.3928950557592478,1.459910819509455,-0.17076158738298683,-0.17586311452816475,-0.1488170274736692,-0.23930884326944624,1.0,0.0,0.0,0.0,1.0,0.0,0.0,1.0,0.0,0.0,1.0,0.0,0.0,0.0
0.9250160871112572,0.9419279714882699,-0.18451857021356413,0.373729443283187,-0.2395494567876724,-0.17076158738298683,-0.17586311452816475,-0.1488170274736692,-0.23930884326944624,1.0,0.0,0.0,0.0,0.0,0.0,1.0,1.0,0.0,0.0,0.0,1.0,0.0,0.0
1.1668327971250925,0.10264731552143405,-0.9560980924652834,-1.1595195548016826,-0.5990506690812951,-0.17076158738298683,-0.17586311452816475,-0.1488170274736692,-0.23930884326944624,0.0,0.0,0.0,1.0,1.0,0.0,0.0,0.0,1.0,0.0,0.0,0.0,0.0,1.0
2.617733057208104,0.3988640176273761,0.7377562550524416,1.9069784413680564,1.6995782943718707,-0.17076158738298683,-0.17586311452816475,-0.1488170274736692,-0.23930884326944624,0.0,0.0,0.0,1.0,0.0,0.0,1.0,0.0,1.0,0.0,0.0,1.0,0.0,0.0
1.97288849717121,-0.44041663833945977,-0.09424816954429202,0.373729443283187,-1.8300699717837015,-0.17076158738298683,5.686240703077327,-0.1488170274736692,-0.23930884326944624,0.0,1.0,0.0,0.0,0.0,0.0,1.0,1.0,0.0,0.0,1.0,0.0,0.0,0.0
-1.0901231630040369,-1.3784361950082764,0.49458883427938866,-0.3928950557592478,-1.6339784014417251,-0.17076158738298683,-0.17586311452816475,-0.1488170274736692,-0.23930884326944624,1.0,0.0,0.0,0.0,0.0,0.0,1.0,1.0,0.0,0.0,0.0,0.0,0.0,1.0
-1.2513343030132602,1.090036322541241,-0.8191023624522958,-1.1595195548016826,-0.05435186257580566,-0.17076158738298683,-0.17586311452816475,-0.1488170274736692,-0.23930884326944624,1.0,0.0,0.0,0.0,1.0,0.0,0.0,1.0,0.0,0.0,0.0,1.0,0.0,0.0
-1.4931510130270955,-0.8353722411473825,0.2152153991457604,-0.3928950557592478,-0.7842482632931619,-0.17076158738298683,-0.17586311452816475,-0.1488170274736692,-0.23930884326944624,0.0,0.0,1.0,0.0,0.0,0.0,1.0,0.0,0.0,1.0,0.0,0.0,0.0,1.0
0.03835481706052782,-0.2923082872864887,0.272949313936948,-1.1595195548016826,-0.14150367161668406,-0.17076158738298683,-0.17586311452816475,-0.1488170274736692,-0.23930884326944624,0.0,0.0,0.0,1.0,0.0,0.0,1.0,0.0,1.0,0.0,0.0,1.0,0.0,0.0
1.0862272271204807,-0.14419993623351768,-0.7476688746598094,0.373729443283187,-0.9694458575050282,-0.17076158738298683,-0.17586311452816475,-0.1488170274736692,-0.23930884326944624,0.0,1.0,0.0,0.0,1.0,0.0,0.0,1.0,0.0,0.0,0.0,0.0,0.0,1.0
0.03835481706052782,-0.8353722411473825,-1.0045358684341612,-0.3928950557592478,-0.5663687406909661,-0.17076158738298683,-0.17586311452816475,-0.1488170274736692,-0.23930884326944624,0.0,1.0,0.0,0.0,1.0,0.0,0.0,1.0,0.0,0.0,0.0,1.0,0.0,0.0
2.537127487203492,0.3988640176273761,0.2866488869382468,2.673602940410491,2.2115951724870304,-0.17076158738298683,-0.17586311452816475,-0.1488170274736692,-0.23930884326944624,1.0,0.0,0.0,0.0,0.0,0.0,1.0,0.0,1.0,0.0,1.0,0.0,0.0,0.0
0.19956595706975133,-0.39104718798846944,-0.7041238033342526,0.373729443283187,-0.664414525861954,-0.17076158738298683,-0.17586311452816475,-0.1488170274736692,-0.23930884326944624,1.0,0.0,0.0,0.0,1.0,0.0,0.0,0.0,1.0,0.0,0.0,0.0,0.0,1.0
0.5219882370881984,-0.7860027907963922,0.02146429527024937,-0.3928950557592478,-0.021669934185476598,-0.17076158738298683,-0.17586311452816475,-0.1488170274736692,4.178700570935715,0.0,1.0,0.0,0.0,1.0,0.0,0.0,0.0,1.0,0.0,0.0,0.0,1.0,0.0
1.5698606471481513,-0.8353722411473825,0.38646006166199487,-0.3928950557592478,-0.2613374090478919,-0.17076158738298683,-0.17586311452816475,-0.1488170274736692,-0.23930884326944624,0.0,0.0,1.0,0.0,0.0,0.0,1.0,0.0,1.0,0.0,0.0,0.0,1.0,0.0
0.5219882370881984,0.6457112693823278,-0.41887912262863924,2.673602940410491,0.5012409200597938,-0.17076158738298683,-0.17586311452816475,-0.1488170274736692,-0.23930884326944624,0.0,0.0,0.0,1.0,1.0,0.0,0.0,1.0,0.0,0.0,0.0,1.0,0.0,0.0
0.19956595706975133,-0.9834805922003536,0.34585061312243043,-0.3928950557592478,1.2965011775578081,-0.17076158738298683,-0.17586311452816475,-0.1488170274736692,-0.23930884326944624,0.0,0.0,0.0,1.0,0.0,0.0,1.0,1.0,0.0,0.0,0.0,1.0,0.0,0.0
0.7638049471020336,0.7444501700843086,-1.888158327017931,3.440227439452926,0.6319686336211108,-0.17076158738298683,-0.17586311452816475,-0.1488170274736692,-0.23930884326944624,0.0,0.0,1.0,0.0,1.0,0.0,0.0,0.0,1.0,0.0,1.0,0.0,0.0,0.0
-1.8155732930455426,1.5343613757001542,-1.216879249954292,0.373729443283187,-0.4901109077801973,-0.17076158738298683,-0.17586311452816475,-0.1488170274736692,-0.23930884326944624,0.0,1.0,0.0,0.0,1.0,0.0,0.0,1.0,0.0,0.0,1.0,0.0,0.0,0.0
0.8444105171066454,-0.8847416914983729,-0.31075035001124546,-0.3928950557592478,-0.021669934185476598,-0.17076158738298683,-0.17586311452816475,-0.1488170274736692,4.178700570935715,0.0,0.0,1.0,0.0,0.0,0.0,1.0,0.0,1.0,0.0,0.0,0.0,0.0,1.0
0.03835481706052782,-0.7366333404454019,-1.5862784505250263,1.9069784413680564,-0.8278241678136009,-0.17076158738298683,-0.17586311452816475,-0.1488170274736692,-0.23930884326944624,0.0,0.0,1.0,0.0,1.0,0.0,0.0,0.0,1.0,0.0,1.0,0.0,0.0,0.0
1.5698606471481513,-0.9341111418493633,1.8126834651900618,-1.1595195548016826,0.20710356454682916,-0.17076158738298683,-0.17586311452816475,-0.1488170274736692,-0.23930884326944624,0.0,1.0,0.0,0.0,0.0,1.0,0.0,1.0,0.0,0.0,0.0,0.0,0.0,1.0
-1.8155732930455426,0.30012511692539545,1.7970268103314344,1.9069784413680564,2.1462313157063715,-0.17076158738298683,-0.17586311452816475,-0.1488170274736692,-0.23930884326944624,0.0,0.0,1.0,0.0,0.0,1.0,0.0,0.0,1.0,0.0,0.0,0.0,1.0,0.0
-0.36467303296253095,0.003908414819453356,0.2631639046503059,-0.3928950557592478,-0.8714000723340399,-0.17076158738298683,-0.17586311452816475,-0.1488170274736692,-0.23930884326944624,0.0,0.0,0.0,1.0,0.0,0.0,1.0,0.0,1.0,0.0,1.0,0.0,0.0,0.0
-0.4452786029671427,1.9293169785080768,-0.7584328248751154,2.673602940410491,-0.762460311032942,-0.17076158738298683,-0.17586311452816475,-0.1488170274736692,-0.23930884326944624,0.0,0.0,0.0,1.0,1.0,0.0,0.0,0.0,1.0,0.0,0.0,0.0,0.0,1.0
0.4413826670835866,-0.7366333404454019,1.5978937313482706,0.373729443283187,0.9587879175244045,-0.17076158738298683,-0.17586311452816475,-0.1488170274736692,-0.23930884326944624,0.0,1.0,0.0,0.0,0.0,1.0,0.0,1.0,0.0,0.0,0.0,1.0,0.0,0.0
1.328043937134316,0.7938196204352989,-0.09424816954429202,-1.1595195548016826,2.0263975782751644,-0.17076158738298683,5.686240703077327,-0.1488170274736692,-0.23930884326944624,0.0,0.0,1.0,0.0,0.0,1.0,0.0,1.0,0.0,0.0,1.0,0.0,0.0,0.0
-0.042250752944083945,1.0406668721902506,-0.19870741367919495,-1.1595195548016826,-0.664414525861954,-0.17076158738298683,-0.17586311452816475,-0.1488170274736692,-0.23930884326944624,1.0,0.0,0.0,0.0,0.0,0.0,1.0,1.0,0.0,0.0,0.0,0.0,0.0,1.0
0.8444105171066454,0.9419279714882699,-1.6317806037079112,0.373729443283187,0.49034694392968387,-0.17076158738298683,-0.17586311452816475,-0.1488170274736692,-0.23930884326944624,0.0,1.0,0.0,0.0,1.0,0.0,0.0,0.0,1.0,0.0,0.0,1.0,0.0,0.0
-1.7349677230409308,-0.5391555390414404,0.9006833196750302,1.9069784413680564,-0.4574289793898682,-0.17076158738298683,-0.17586311452816475,-0.1488170274736692,-0.23930884326944624,1.0,0.0,0.0,0.0,0.0,0.0,1.0,0.0,1.0,0.0,1.0,0.0,0.0,0.0
0.4413826670835866,0.7444501700843086,1.7720740166504978,0.373729443283187,-0.27223138517800144,-0.17076158738298683,-0.17586311452816475,-0.1488170274736692,-0.23930884326944624,0.0,0.0,1.0,0.0,0.0,1.0,0.0,0.0,1.0,0.0,0.0,1.0,0.0,0.0
1.7310717871573746,-0.4897860886904501,-0.09424816954429202,1.1403539423256217,-1.4923567117502983,-0.17076158738298683,5.686240703077327,-0.1488170274736692,-0.23930884326944624,0.0,0.0,1.0,0.0,1.0,0.0,0.0,0.0,1.0,0.0,1.0,0.0,0.0,0.0
-1.4125454430224837,2.768597634474913,-1.4360724179750721,-1.1595195548016826,-0.021669934185476598,-0.17076158738298683,-0.17586311452816475,-0.1488170274736692,4.178700570935715,0.0,0.0,1.0,0.0,1.0,0.0,0.0,1.0,0.0,0.0,1.0,0.0,0.0,0.0
-1.0095175929994251,-0.9834805922003536,-0.46193492348986404,0.373729443283187,-0.44653500325975826,-0.17076158738298683,-0.17586311452816475,-0.1488170274736692,-0.23930884326944624,1.0,0.0,0.0,0.0,0.0,0.0,1.0,0.0,1.0,0.0,0.0,1.0,0.0,0.0
1.8116773571619864,-0.34167773763747905,-1.183119587915377,0.373729443283187,1.0241517743050634,-0.17076158738298683,-0.17586311452816475,-0.1488170274736692,-0.23930884326944624,0.0,0.0,0.0,1.0,1.0,0.0,0.0,1.0,0.0,0.0,1.0,0.0,0.0,0.0
-0.4452786029671427,-0.04546103553153699,1.878734977874895,-0.3928950557592478,-0.021669934185476598,-0.17076158738298683,-0.17586311452816475,-0.1488170274736692,4.178700570935715,0.0,1.0,0.0,0.0,0.0,1.0,0.0,0.0,1.0,0.0,0.0,0.0,0.0,1.0
0.2801715270743631,-0.4897860886904501,0.024889188520574073,1.1403539423256217,1.242031296907259,-0.17076158738298683,-0.17586311452816475,-0.1488170274736692,-0.23930884326944624,0.0,0.0,1.0,0.0,1.0,0.0,0.0,1.0,0.0,0.0,0.0,1.0,0.0,0.0
-0.36467303296253095,-0.14419993623351768,0.19955874428713324,2.673602940410491,0.09816380324573125,-0.17076158738298683,-0.17586311452816475,-0.1488170274736692,-0.23930884326944624,0.0,0.0,1.0,0.0,0.0,0.0,1.0,0.0,1.0,0.0,1.0,0.0,0.0,0.0
-0.9289120229948132,-0.4897860886904501,-0.014741719090326014,-1.1595195548016826,-0.14150367161668406,-0.17076158738298683,-0.17586311452816475,-0.1488170274736692,-0.23930884326944624,1.0,0.0,0.0,0.0,0.0,0.0,1.0,1.0,0.0,0.0,0.0,1.0,0.0,0.0
1.1668327971250925,2.37364203166699,1.3258593531796237,-1.1595195548016826,0.9914698459147343,-0.17076158738298683,-0.17586311452816475,-0.1488170274736692,-0.23930884326944624,0.0,0.0,0.0,1.0,0.0,0.0,1.0,0.0,1.0,0.0,0.0,1.0,0.0,0.0
-0.687095312980978,-1.3784361950082764,2.0494903699267977,-1.1595195548016826,2.0481855305353833,-0.17076158738298683,-0.17586311452816475,-0.1488170274736692,-0.23930884326944624,1.0,0.0,0.0,0.0,0.0,1.0,0.0,0.0,1.0,0.0,0.0,0.0,0.0,1.0
0.3607770970789749,-0.44041663833945977,0.3360652038357887,0.373729443283187,0.7953782755727576,-0.17076158738298683,-0.17586311452816475,-0.1488170274736692,-0.23930884326944624,0.0,1.0,0.0,0.0,0.0,0.0,1.0,0.0,1.0,0.0,0.0,1.0,0.0,0.0
0.4413826670835866,-0.19356938658450804,1.6199109022432152,0.373729443283187,1.0786216549556122,-0.17076158738298683,-0.17586311452816475,-0.1488170274736692,-0.23930884326944624,1.0,0.0,0.0,0.0,0.0,1.0,0.0,1.0,0.0,0.0,0.0,1.0,0.0,0.0
1.0862272271204807,0.6950807197333182,-1.510441528553551,-0.3928950557592478,-0.5010048839103072,-0.17076158738298683,-0.17586311452816475,-0.1488170274736692,-0.23930884326944624,0.0,1.0,0.0,0.0,1.0,0.0,0.0,0.0,1.0,0.0,0.0,1.0,0.0,0.0
1.328043937134316,-1.1809583936043149,1.0259365585440476,-1.1595195548016826,-0.5336868123006366,-0.17076158738298683,-0.17586311452816475,-0.1488170274736692,-0.23930884326944624,1.0,0.0,0.0,0.0,0.0,0.0,1.0,0.0,1.0,0.0,0.0,0.0,1.0,0.0
-0.5258841729717545,-0.8353722411473825,-0.09424816954429202,-0.3928950557592478,-0.250443432917782,-0.17076158738298683,5.686240703077327,-0.1488170274736692,-0.23930884326944624,0.0,1.0,0.0,0.0,0.0,0.0,1.0,1.0,0.0,0.0,0.0,0.0,0.0,1.0
-1.5737565830317073,0.5963418190313375,1.7774559917581507,1.1403539423256217,0.16352766002639013,-0.17076158738298683,-0.17586311452816475,-0.1488170274736692,-0.23930884326944624,0.0,0.0,0.0,1.0,0.0,1.0,0.0,0.0,1.0,0.0,0.0,0.0,0.0,1.0
-0.28406746295791924,-0.8353722411473825,-1.3440895706806375,1.9069784413680564,-0.3702771703489898,-0.17076158738298683,-0.17586311452816475,-0.1488170274736692,-0.23930884326944624,0.0,1.0,0.0,0.0,1.0,0.0,0.0,0.0,1.0,0.0,1.0,0.0,0.0,0.0
-0.4452786029671427,0.4976029183293568,-1.3034801221410734,1.1403539423256217,1.5797445569406627,-0.17076158738298683,-0.17586311452816475,-0.1488170274736692,-0.23930884326944624,1.0,0.0,0.0,0.0,1.0,0.0,0.0,1.0,0.0,0.0,1.0,0.0,0.0,0.0
-1.4931510130270955,-0.39104718798846944,0.36297507937405393,-1.1595195548016826,0.6755445381415498,-0.17076158738298683,-0.17586311452816475,-0.1488170274736692,-0.23930884326944624,0.0,1.0,0.0,0.0,0.0,0.0,1.0,1.0,0.0,0.0,0.0,1.0,0.0,0.0
1.1668327971250925,-0.5391555390414404,0.3267690650134789,-1.1595195548016826,-0.9149759768544793,-0.17076158738298683,-0.17586311452816475,-0.1488170274736692,-0.23930884326944624,0.0,1.0,0.0,0.0,0.0,0.0,1.0,0.0,1.0,0.0,1.0,0.0,0.0,0.0
0.19956595706975133,0.10264731552143405,0.07136988263212322,1.9069784413680564,-0.675308501992064,-0.17076158738298683,-0.17586311452816475,-0.1488170274736692,-0.23930884326944624,0.0,1.0,0.0,0.0,0.0,0.0,1.0,0.0,1.0,0.0,0.0,1.0,0.0,0.0
0.6831993770974218,0.0532778651704437,-0.8215487147739565,-1.1595195548016826,-1.2200073084975536,-0.17076158738298683,-0.17586311452816475,-0.1488170274736692,-0.23930884326944624,0.0,0.0,0.0,1.0,1.0,0.0,0.0,1.0,0.0,0.0,0.0,0.0,0.0,1.0
-0.28406746295791924,0.0532778651704437,0.2881166983312428,0.373729443283187,-0.4792169316500877,-0.17076158738298683,-0.17586311452816475,-0.1488170274736692,-0.23930884326944624,0.0,1.0,0.0,0.0,0.0,0.0,1.0,0.0,1.0,0.0,0.0,1.0,0.0,0.0
-1.4125454430224837,-0.2923082872864887,0.5728721085725241,1.9069784413680564,-0.11971571935646455,-0.17076158738298683,-0.17586311452816475,-0.1488170274736692,-0.23930884326944624,1.0,0.0,0.0,0.0,0.0,0.0,1.0,1.0,0.0,0.0,0.0,0.0,1.0,0.0
0.4413826670835866,-1.329066744657286,0.5924429271458084,-1.1595195548016826,0.326937301978037,-0.17076158738298683,-0.17586311452816475,-0.1488170274736692,-0.23930884326944624,0.0,1.0,0.0,0.0,0.0,0.0,1.0,1.0,0.0,0.0,1.0,0.0,0.0,0.0
-0.687095312980978,0.25075566657440507,0.42413388741556624,-1.1595195548016826,1.4381228672492352,-0.17076158738298683,-0.17586311452816475,-0.1488170274736692,-0.23930884326944624,0.0,0.0,1.0,0.0,0.0,0.0,1.0,1.0,0.0,0.0,0.0,1.0,0.0,0.0
-0.6064897429763663,0.7938196204352989,-0.6087160627894936,-0.3928950557592478,-2.592648300891387,-0.17076158738298683,-0.17586311452816475,-0.1488170274736692,-0.23930884326944624,0.0,1.0,0.0,0.0,1.0,0.0,0.0,0.0,1.0,0.0,0.0,0.0,0.0,1.0
-0.5258841729717545,0.003908414819453356,-1.146913573554802,-0.3928950557592478,0.7518023710523186,-0.17076158738298683,-0.17586311452816475,-0.1488170274736692,-0.23930884326944624,1.0,0.0,0.0,0.0,1.0,0.0,0.0,1.0,0.0,0.0,1.0,0.0,0.0,0.0
0.6831993770974218,0.5963418190313375,0.14280337042460964,1.1403539423256217,0.8825300846136365,-0.17076158738298683,-0.17586311452816475,-0.1488170274736692,-0.23930884326944624,0.0,0.0,0.0,1.0,0.0,0.0,1.0,0.0,1.0,0.0,1.0,0.0,0.0,0.0
0.19956595706975133,1.8799475281570865,-0.2941151542239543,-0.3928950557592478,-1.6448723775718352,-0.17076158738298683,-0.17586311452816475,-0.1488170274736692,-0.23930884326944624,1.0,0.0,0.0,0.0,1.0,0.0,0.0,1.0,0.0,0.0,0.0,1.0,0.0,0.0
-0.7677008829855898,-0.8847416914983729,1.2123486054545771,-1.1595195548016826,1.2856072014276982,-0.17076158738298683,-0.17586311452816475,-0.1488170274736692,-0.23930884326944624,0.0,0.0,0.0,1.0,0.0,1.0,0.0,1.0,0.0,0.0,0.0,0.0,0.0,1.0
1.2474383671297042,0.25075566657440507,0.3663999726243787,-0.3928950557592478,-0.3484892180887703,-0.17076158738298683,-0.17586311452816475,-0.1488170274736692,-0.23930884326944624,0.0,0.0,1.0,0.0,0.0,0.0,1.0,1.0,0.0,0.0,0.0,0.0,0.0,1.0
-1.8155732930455426,-0.19356938658450804,-0.5441323614976565,0.373729443283187,-1.2091133323674434,-0.17076158738298683,-0.17586311452816475,-0.1488170274736692,-0.23930884326944624,0.0,1.0,0.0,0.0,1.0,0.0,0.0,1.0,0.0,0.0,0.0,0.0,1.0,0.0
0.03835481706052782,1.1887752232432216,0.9765202416465054,-1.1595195548016826,0.6755445381415498,-0.17076158738298683,-0.17586311452816475,-0.1488170274736692,-0.23930884326944624,0.0,1.0,0.0,0.0,0.0,0.0,1.0,1.0,0.0,0.0,0.0,0.0,1.0,0.0
0.03835481706052782,0.0532778651704437,-0.845033697061897,-0.3928950557592478,0.10905777937584119,-0.17076158738298683,-0.17586311452816475,-0.1488170274736692,-0.23930884326944624,0.0,0.0,1.0,0.0,1.0,0.0,0.0,1.0,0.0,0.0,0.0,1.0,0.0,0.0
0.03835481706052782,-1.0328500425513438,1.828829390513021,-0.3928950557592478,0.326937301978037,-0.17076158738298683,-0.17586311452816475,-0.1488170274736692,-0.23930884326944624,1.0,0.0,0.0,0.0,0.0,1.0,0.0,1.0,0.0,0.0,0.0,0.0,0.0,1.0
1.8922829271665982,-0.6872638900944115,1.0009837648631104,0.373729443283187,-0.3702771703489898,-0.17076158738298683,-0.17586311452816475,-0.1488170274736692,-0.23930884326944624,0.0,1.0,0.0,0.0,0.0,0.0,1.0,0.0,0.0,1.0,0.0,1.0,0.0,0.0
-0.042250752944083945,-0.04546103553153699,-1.0847762245846253,0.373729443283187,1.3836529865986862,-0.17076158738298683,-0.17586311452816475,-0.1488170274736692,-0.23930884326944624,0.0,0.0,1.0,0.0,1.0,0.0,0.0,0.0,1.0,0.0,1.0,0.0,0.0,0.0
0.2801715270743631,0.20138621622341474,0.580211165537506,-0.3928950557592478,-1.1764314039771142,-0.17076158738298683,-0.17586311452816475,-0.1488170274736692,-0.23930884326944624,0.0,1.0,0.0,0.0,0.0,0.0,1.0,0.0,1.0,0.0,0.0,0.0,0.0,1.0
-0.042250752944083945,-1.0328500425513438,-1.1840981288440413,-0.3928950557592478,-1.5032506878804077,-0.17076158738298683,-0.17586311452816475,-0.1488170274736692,-0.23930884326944624,0.0,0.0,1.0,0.0,1.0,0.0,0.0,1.0,0.0,0.0,0.0,1.0,0.0,0.0
0.03835481706052782,-1.0822194929023343,-0.6967847463692711,-1.1595195548016826,0.42498308714902494,-0.17076158738298683,-0.17586311452816475,-0.1488170274736692,-0.23930884326944624,0.0,1.0,0.0,0.0,0.0,0.0,1.0,1.0,0.0,0.0,0.0,1.0,0.0,0.0
0.03835481706052782,3.2129226876338257,0.3536789405517442,-0.3928950557592478,-0.27223138517800144,5.8561179673106665,-0.17586311452816475,-0.1488170274736692,-0.23930884326944624,0.0,0.0,0.0,1.0,0.0,0.0,1.0,1.0,0.0,0.0,1.0,0.0,0.0,0.0
0.3607770970789749,0.0532778651704437,-0.3122181614042418,0.373729443283187,-0.3484892180887703,-0.17076158738298683,-0.17586311452816475,-0.1488170274736692,-0.23930884326944624,0.0,1.0,0.0,0.0,0.0,0.0,1.0,1.0,0.0,0.0,0.0,1.0,0.0,0.0
-0.1228563229486957,-0.24293883693549836,0.08653726702641838,-1.1595195548016826,-0.021669934185476598,-0.17076158738298683,-0.17586311452816475,-0.1488170274736692,4.178700570935715,1.0,0.0,0.0,0.0,0.0,0.0,1.0,1.0,0.0,0.0,0.0,1.0,0.0,0.0
-0.28406746295791924,-0.44041663833945977,0.19368749871514784,-0.3928950557592478,-1.350735022058871,-0.17076158738298683,-0.17586311452816475,6.719661163618754,-0.23930884326944624,0.0,0.0,1.0,0.0,0.0,0.0,1.0,0.0,1.0,0.0,0.0,1.0,0.0,0.0
-0.1228563229486957,0.4976029183293568,-0.6728104936169983,-1.1595195548016826,0.3814071826285859,-0.17076158738298683,-0.17586311452816475,-0.1488170274736692,-0.23930884326944624,0.0,0.0,1.0,0.0,1.0,0.0,0.0,0.0,0.0,1.0,0.0,1.0,0.0,0.0
1.005621657115869,0.3988640176273761,-1.4272655496170943,-0.3928950557592478,-0.0652458387059156,-0.17076158738298683,-0.17586311452816475,-0.1488170274736692,-0.23930884326944624,0.0,0.0,0.0,1.0,1.0,0.0,0.0,0.0,1.0,0.0,0.0,0.0,0.0,1.0
-1.0095175929994251,-0.6378944397434212,-0.5847418100372207,-0.3928950557592478,0.18531561228660925,-0.17076158738298683,-0.17586311452816475,-0.1488170274736692,-0.23930884326944624,0.0,1.0,0.0,0.0,1.0,0.0,0.0,1.0,0.0,0.0,1.0,0.0,0.0,0.0
2.4565219171988804,0.25075566657440507,-0.5226044610670444,-0.3928950557592478,0.8716361084835265,-0.17076158738298683,-0.17586311452816475,-0.1488170274736692,-0.23930884326944624,1.0,0.0,0.0,0.0,0.0,0.0,1.0,0.0,1.0,0.0,0.0,1.0,0.0,0.0
-0.8483064529902015,-0.2923082872864887,-1.6259093581359263,-0.3928950557592478,-1.078385618806126,-0.17076158738298683,-0.17586311452816475,-0.1488170274736692,-0.23930884326944624,1.0,0.0,0.0,0.0,1.0,0.0,0.0,0.0,1.0,0.0,1.0,0.0,0.0,0.0
-1.7349677230409308,-0.7366333404454019,0.25386776582799614,-0.3928950557592478,1.0132577981749535,-0.17076158738298683,-0.17586311452816475,-0.1488170274736692,-0.23930884326944624,0.0,1.0,0.0,0.0,0.0,0.0,1.0,0.0,0.0,1.0,0.0,1.0,0.0,0.0
-1.8155732930455426,3.2129226876338257,-0.5436430910333245,-1.1595195548016826,-1.4160988788395295,-0.17076158738298683,-0.17586311452816475,-0.1488170274736692,-0.23930884326944624,0.0,0.0,1.0,0.0,1.0,0.0,0.0,1.0,0.0,0.0,0.0,1.0,0.0,0.0
0.2801715270743631,-0.09483048588252734,-0.9942611886831871,-0.3928950557592478,2.1571252918364814,-0.17076158738298683,-0.17586311452816475,-0.1488170274736692,-0.23930884326944624,0.0,0.0,0.0,1.0,1.0,0.0,0.0,0.0,0.0,1.0,0.0,1.0,0.0,0.0
-0.36467303296253095,-0.04546103553153699,-0.09424816954429202,0.373729443283187,1.7431541988923096,-0.17076158738298683,5.686240703077327,-0.1488170274736692,-0.23930884326944624,0.0,0.0,1.0,0.0,0.0,1.0,0.0,0.0,1.0,0.0,0.0,1.0,0.0,0.0
-0.28406746295791924,-0.8353722411473825,-0.31319670233290614,0.373729443283187,1.6015325092008819,-0.17076158738298683,-0.17586311452816475,-0.1488170274736692,-0.23930884326944624,0.0,1.0,0.0,0.0,0.0,0.0,1.0,0.0,1.0,0.0,0.0,1.0,0.0,0.0
0.3607770970789749,-0.4897860886904501,1.9668036614546731,-1.1595195548016826,-0.021669934185476598,-0.17076158738298683,-0.17586311452816475,-0.1488170274736692,4.178700570935715,1.0,0.0,0.0,0.0,0.0,1.0,0.0,1.0,0.0,0.0,0.0,0.0,0.0,1.0
-0.5258841729717545,-0.2923082872864887,0.8307176432755399,-0.3928950557592478,-0.27223138517800144,-0.17076158738298683,-0.17586311452816475,-0.1488170274736692,-0.23930884326944624,0.0,0.0,0.0,1.0,0.0,0.0,1.0,1.0,0.0,0.0,0.0,0.0,1.0,0.0
-1.0901231630040369,0.6457112693823278,1.7187435360382988,-1.1595195548016826,-0.021669934185476598,-0.17076158738298683,-0.17586311452816475,-0.1488170274736692,-0.23930884326944624,0.0,0.0,0.0,1.0,0.0,1.0,0.0,1.0,0.0,0.0,0.0,1.0,0.0,0.0
0.7638049471020336,0.7938196204352989,1.9159195331641345,1.1403539423256217,0.6428626097512208,-0.17076158738298683,-0.17586311452816475,-0.1488170274736692,-0.23930884326944624,1.0,0.0,0.0,0.0,0.0,1.0,0.0,0.0,1.0,0.0,0.0,0.0,1.0,0.0
0.03835481706052782,-0.2923082872864887,1.8997736078411755,-0.3928950557592478,1.7867301034127487,5.8561179673106665,-0.17586311452816475,-0.1488170274736692,-0.23930884326944624,0.0,0.0,0.0,1.0,0.0,1.0,0.0,1.0,0.0,0.0,0.0,1.0,0.0,0.0
0.03835481706052782,0.3988640176273761,-0.17717951324858272,1.1403539423256217,-0.5227928361705267,-0.17076158738298683,-0.17586311452816475,-0.1488170274736692,-0.23930884326944624,0.0,1.0,0.0,0.0,1.0,0.0,0.0,0.0,1.0,0.0,0.0,0.0,0.0,1.0
0.5219882370881984,0.003908414819453356,-1.1718663672357388,-0.3928950557592478,-1.132855499456675,-0.17076158738298683,-0.17586311452816475,-0.1488170274736692,-0.23930884326944624,0.0,0.0,1.0,0.0,1.0,0.0,0.0,0.0,1.0,0.0,0.0,1.0,0.0,0.0
3.0207609072311628,0.3494945672763858,-0.17277607906959366,-1.1595195548016826,1.0350457504351733,-0.17076158738298683,-0.17586311452816475,-0.1488170274736692,-0.23930884326944624,0.0,0.0,1.0,0.0,0.0,0.0,1.0,0.0,1.0,0.0,0.0,0.0,0.0,1.0
-0.20346189295330747,-0.9834805922003536,-0.9306560283200143,1.1403539423256217,-1.2526892368878826,-0.17076158738298683,-0.17586311452816475,-0.1488170274736692,-0.23930884326944624,1.0,0.0,0.0,0.0,1.0,0.0,0.0,0.0,0.0,1.0,0.0,0.0,0.0,1.0
-1.8155732930455426,-0.6872638900944115,-0.5725100484289182,2.673602940410491,0.8389541800931967,-0.17076158738298683,-0.17586311452816475,-0.1488170274736692,-0.23930884326944624,1.0,0.0,0.0,0.0,1.0,0.0,0.0,0.0,1.0,0.0,1.0,0.0,0.0,0.0
-1.8155732930455426,-1.2303278439553054,-0.9375058148206638,-0.3928950557592478,-0.5227928361705267,-0.17076158738298683,-0.17586311452816475,-0.1488170274736692,-0.23930884326944624,0.0,0.0,0.0,1.0,1.0,0.0,0.0,0.0,0.0,1.0,0.0,1.0,0.0,0.0
-1.331939873017872,-0.5885249893924308,1.3258593531796237,-0.3928950557592478,0.7082264665318796,-0.17076158738298683,-0.17586311452816475,-0.1488170274736692,-0.23930884326944624,0.0,0.0,0.0,1.0,0.0,1.0,0.0,0.0,1.0,0.0,0.0,0.0,0.0,1.0
0.19956595706975133,2.3242725813159995,-1.0314457439724265,0.373729443283187,0.8825300846136365,-0.17076158738298683,-0.17586311452816475,-0.1488170274736692,-0.23930884326944624,1.0,0.0,0.0,0.0,1.0,0.0,0.0,0.0,0.0,1.0,0.0,1.0,0.0,0.0
-0.9289120229948132,-1.1315889432533246,0.3497647768370875,0.373729443283187,-0.6862024781221736,-0.17076158738298683,-0.17586311452816475,-0.1488170274736692,-0.23930884326944624,0.0,1.0,0.0,0.0,0.0,0.0,1.0,0.0,0.0,1.0,1.0,0.0,0.0,0.0
-1.4931510130270955,-0.4897860886904501,0.39428838909130826,1.1403539423256217,0.21799754067693908,-0.17076158738298683,-0.17586311452816475,-0.1488170274736692,-0.23930884326944624,0.0,1.0,0.0,0.0,0.0,0.0,1.0,0.0,1.0,0.0,0.0,0.0,1.0,0.0
0.5219882370881984,0.003908414819453356,-0.028441292091624826,-0.3928950557592478,-1.241795260757773,-0.17076158738298683,-0.17586311452816475,-0.1488170274736692,-0.23930884326944624,0.0,0.0,1.0,0.0,0.0,0.0,1.0,1.0,0.0,0.0,0.0,1.0,0.0,0.0
-0.8483064529902015,-0.9341111418493633,-0.7002096396195959,-0.3928950557592478,-0.31580728969844085,-0.17076158738298683,-0.17586311452816475,-0.1488170274736692,-0.23930884326944624,0.0,0.0,1.0,0.0,1.0,0.0,0.0,1.0,0.0,0.0,0.0,0.0,0.0,1.0
-0.6064897429763663,-0.5391555390414404,-0.7349478425871749,-0.3928950557592478,-0.9367639291146989,-0.17076158738298683,-0.17586311452816475,-0.1488170274736692,-0.23930884326944624,0.0,0.0,1.0,0.0,1.0,0.0,0.0,1.0,0.0,0.0,1.0,0.0,0.0,0.0
0.7638049471020336,1.6824697267531252,1.9359796222017505,0.373729443283187,0.7953782755727576,-0.17076158738298683,-0.17586311452816475,-0.1488170274736692,-0.23930884326944624,0.0,0.0,1.0,0.0,0.0,1.0,0.0,0.0,1.0,0.0,1.0,0.0,0.0,0.0
0.4413826670835866,0.7938196204352989,0.012168156447939612,0.373729443283187,-0.9476579052448088,-0.17076158738298683,-0.17586311452816475,-0.1488170274736692,-0.23930884326944624,0.0,0.0,1.0,0.0,0.0,0.0,1.0,0.0,1.0,0.0,0.0,1.0,0.0,0.0
1.4892550771435396,-0.09483048588252734,-0.7383727358374996,0.373729443283187,-3.2789687970883037,-0.17076158738298683,-0.17586311452816475,-0.1488170274736692,-0.23930884326944624,0.0,1.0,0.0,0.0,1.0,0.0,0.0,0.0,1.0,0.0,0.0,0.0,0.0,1.0
0.3607770970789749,-1.0822194929023343,-1.2658062963875019,-0.3928950557592478,-1.601296473051396,-0.17076158738298683,-0.17586311452816475,-0.1488170274736692,-0.23930884326944624,1.0,0.0,0.0,0.0,1.0,0.0,0.0,0.0,1.0,0.0,1.0,0.0,0.0,0.0
1.005621657115869,-1.329066744657286,-0.8440551561332327,-1.1595195548016826,0.31604332584792705,-0.17076158738298683,-0.17586311452816475,-0.1488170274736692,-0.23930884326944624,0.0,1.0,0.0,0.0,1.0,0.0,0.0,0.0,0.0,1.0,0.0,0.0,0.0,1.0
1.4086495071389278,-0.7860027907963922,0.5870609520381553,1.1403539423256217,-1.0457036904157968,-0.17076158738298683,-0.17586311452816475,-0.1488170274736692,-0.23930884326944624,0.0,1.0,0.0,0.0,0.0,0.0,1.0,0.0,1.0,0.0,1.0,0.0,0.0,0.0
0.5219882370881984,-0.34167773763747905,0.8145717179525807,-0.3928950557592478,3.1266891674162527,-0.17076158738298683,-0.17586311452816475,-0.1488170274736692,-0.23930884326944624,0.0,1.0,0.0,0.0,0.0,0.0,1.0,1.0,0.0,0.0,1.0,0.0,0.0,0.0
-1.8155732930455426,-0.8847416914983729,0.19026260546482313,-1.1595195548016826,-0.20686752839734296,-0.17076158738298683,-0.17586311452816475,-0.1488170274736692,-0.23930884326944624,1.0,0.0,0.0,0.0,0.0,0.0,1.0,0.0,0.0,1.0,1.0,0.0,0.0,0.0
-1.0901231630040369,-0.4897860886904501,-0.8944500139594389,-0.3928950557592478,-0.1306096954865745,-0.17076158738298683,-0.17586311452816475,-0.1488170274736692,-0.23930884326944624,0.0,0.0,0.0,1.0,1.0,0.0,0.0,0.0,1.0,0.0,0.0,1.0,0.0,0.0
-0.687095312980978,-0.44041663833945977,-0.025994939769964125,-0.3928950557592478,-0.9803398336351378,-0.17076158738298683,-0.17586311452816475,-0.1488170274736692,-0.23930884326944624,0.0,0.0,0.0,1.0,0.0,0.0,1.0,0.0,1.0,0.0,0.0,0.0,0.0,1.0
1.97288849717121,1.6824697267531252,-0.5495143366053097,-0.3928950557592478,-1.710236234352494,-0.17076158738298683,-0.17586311452816475,-0.1488170274736692,-0.23930884326944624,1.0,0.0,0.0,0.0,1.0,0.0,0.0,0.0,1.0,0.0,0.0,0.0,1.0,0.0
-1.0095175929994251,-0.14419993623351768,0.29496648483189225,0.373729443283187,0.4358770632791349,-0.17076158738298683,-0.17586311452816475,-0.1488170274736692,-0.23930884326944624,1.0,0.0,0.0,0.0,0.0,0.0,1.0,0.0,1.0,0.0,0.0,0.0,0.0,1.0
-1.4125454430224837,-0.14419993623351768,-1.3685530938972423,-0.3928950557592478,2.483944575739775,-0.17076158738298683,-0.17586311452816475,-0.1488170274736692,-0.23930884326944624,1.0,0.0,0.0,0.0,1.0,0.0,0.0,0.0,1.0,0.0,0.0,0.0,0.0,1.0
-1.4931510130270955,0.4976029183293568,-0.7858319708777131,-1.1595195548016826,-2.0697374466461174,-0.17076158738298683,-0.17586311452816475,-0.1488170274736692,-0.23930884326944624,0.0,1.0,0.0,0.0,1.0,0.0,0.0,0.0,0.0,1.0,1.0,0.0,0.0,0.0
-1.1707287330086487,0.25075566657440507,-0.8959178253524352,-0.3928950557592478,-1.8954338285643604,-0.17076158738298683,-0.17586311452816475,-0.1488170274736692,-0.23930884326944624,1.0,0.0,0.0,0.0,1.0,0.0,0.0,1.0,0.0,0.0,0.0,1.0,0.0,0.0
1.0862272271204807,-0.9834805922003536,1.1590181248423783,1.1403539423256217,1.470804795639565,-0.17076158738298683,-0.17586311452816475,-0.1488170274736692,-0.23930884326944624,1.0,0.0,0.0,0.0,0.0,1.0,0.0,0.0,1.0,0.0,0.0,0.0,1.0,0.0
-1.8155732930455426,0.0532778651704437,0.3575931042664009,1.9069784413680564,0.46855899166946396,-0.17076158738298683,-0.17586311452816475,-0.1488170274736692,-0.23930884326944624,1.0,0.0,0.0,0.0,0.0,0.0,1.0,0.0,1.0,0.0,0.0,1.0,0.0,0.0
-1.1707287330086487,-0.5391555390414404,2.101842309610332,-0.3928950557592478,-0.021669934185476598,-0.17076158738298683,-0.17586311452816475,-0.1488170274736692,4.178700570935715,0.0,0.0,1.0,0.0,0.0,1.0,0.0,0.0,1.0,0.0,0.0,0.0,1.0,0.0
-0.687095312980978,-0.2923082872864887,3.357310321086496,1.9069784413680564,0.7409083949222087,-0.17076158738298683,-0.17586311452816475,-0.1488170274736692,-0.23930884326944624,0.0,0.0,1.0,0.0,0.0,1.0,0.0,0.0,1.0,0.0,0.0,0.0,1.0,0.0
-1.8155732930455426,1.090036322541241,0.2612068227929776,0.373729443283187,1.1004096072158323,-0.17076158738298683,-0.17586311452816475,-0.1488170274736692,-0.23930884326944624,1.0,0.0,0.0,0.0,0.0,0.0,1.0,0.0,1.0,0.0,0.0,0.0,1.0,0.0
0.6025938070928101,0.003908414819453356,0.18439135989283809,-1.1595195548016826,0.11995175550595114,-0.17076158738298683,-0.17586311452816475,-0.1488170274736692,-0.23930884326944624,0.0,0.0,1.0,0.0,0.0,0.0,1.0,1.0,0.0,0.0,0.0,1.0,0.0,0.0
0.03835481706052782,0.003908414819453356,0.7318850094804562,-0.3928950557592478,-0.31580728969844085,5.8561179673106665,-0.17586311452816475,-0.1488170274736692,-0.23930884326944624,0.0,0.0,0.0,1.0,0.0,0.0,1.0,1.0,0.0,0.0,1.0,0.0,0.0,0.0
-0.36467303296253095,-0.7860027907963922,-1.2956517947117598,-0.3928950557592478,0.07637585098551174,-0.17076158738298683,-0.17586311452816475,-0.1488170274736692,-0.23930884326944624,0.0,0.0,1.0,0.0,1.0,0.0,0.0,0.0,1.0,0.0,1.0,0.0,0.0,0.0
0.3607770970789749,-0.6872638900944115,0.24310381561269004,-1.1595195548016826,-0.032563910315586156,-0.17076158738298683,-0.17586311452816475,-0.1488170274736692,-0.23930884326944624,0.0,1.0,0.0,0.0,0.0,0.0,1.0,0.0,1.0,0.0,0.0,0.0,0.0,1.0
-1.4931510130270955,1.0406668721902506,0.11589349488634436,-1.1595195548016826,0.44677103940924484,-0.17076158738298683,-0.17586311452816475,-0.1488170274736692,-0.23930884326944624,0.0,0.0,1.0,0.0,0.0,0.0,1.0,1.0,0.0,0.0,0.0,0.0,1.0,0.0
0.6831993770974218,-0.34167773763747905,0.05228833452317135,-0.3928950557592478,-1.078385618806126,-0.17076158738298683,-0.17586311452816475,-0.1488170274736692,-0.23930884326944624,0.0,0.0,1.0,0.0,0.0,0.0,1.0,0.0,1.0,0.0,0.0,1.0,0.0,0.0
-1.2513343030132602,-1.2303278439553054,0.4114128553429318,0.373729443283187,0.00011801807474329057,-0.17076158738298683,-0.17586311452816475,-0.1488170274736692,-0.23930884326944624,0.0,1.0,0.0,0.0,0.0,0.0,1.0,0.0,1.0,0.0,0.0,0.0,0.0,1.0
1.4086495071389278,2.274903130965009,2.4487350688217897,-0.3928950557592478,1.242031296907259,-0.17076158738298683,-0.17586311452816475,-0.1488170274736692,-0.23930884326944624,1.0,0.0,0.0,0.0,0.0,1.0,0.0,0.0,1.0,0.0,0.0,1.0,0.0,0.0
1.2474383671297042,2.4723809323689707,-1.1713770967714068,-0.3928950557592478,-1.285371165278212,-0.17076158738298683,-0.17586311452816475,-0.1488170274736692,-0.23930884326944624,0.0,1.0,0.0,0.0,1.0,0.0,0.0,1.0,0.0,0.0,0.0,0.0,0.0,1.0
-1.4931510130270955,0.1520167658724244,-0.809806223629986,-0.3928950557592478,-0.2395494567876724,-0.17076158738298683,-0.17586311452816475,-0.1488170274736692,-0.23930884326944624,0.0,0.0,1.0,0.0,1.0,0.0,0.0,0.0,1.0,0.0,0.0,1.0,0.0,0.0
-0.8483064529902015,-0.09483048588252734,-0.03822670137826659,0.373729443283187,-1.3616289981889804,-0.17076158738298683,-0.17586311452816475,-0.1488170274736692,-0.23930884326944624,0.0,1.0,0.0,0.0,0.0,0.0,1.0,0.0,1.0,0.0,0.0,0.0,0.0,1.0
-0.6064897429763663,0.8925585211372796,-1.0451453169737253,-1.1595195548016826,-0.3811711464790994,-0.17076158738298683,-0.17586311452816475,-0.1488170274736692,-0.23930884326944624,1.0,0.0,0.0,0.0,1.0,0.0,0.0,0.0,1.0,0.0,0.0,1.0,0.0,0.0
-1.331939873017872,-0.19356938658450804,-1.1694200149140783,0.373729443283187,0.414089111018915,-0.17076158738298683,-0.17586311452816475,-0.1488170274736692,-0.23930884326944624,1.0,0.0,0.0,0.0,1.0,0.0,0.0,0.0,0.0,1.0,0.0,1.0,0.0,0.0
1.1668327971250925,0.4976029183293568,0.25778192954265283,-1.1595195548016826,-2.178677207947215,-0.17076158738298683,-0.17586311452816475,-0.1488170274736692,-0.23930884326944624,0.0,0.0,0.0,1.0,0.0,0.0,1.0,0.0,1.0,0.0,0.0,0.0,0.0,1.0
-0.1228563229486957,-0.6378944397434212,-0.1962610613575346,-1.1595195548016826,-0.3811711464790994,-0.17076158738298683,-0.17586311452816475,-0.1488170274736692,-0.23930884326944624,1.0,0.0,0.0,0.0,0.0,0.0,1.0,1.0,0.0,0.0,1.0,0.0,0.0,0.0
0.6831993770974218,0.4976029183293568,-0.4883555285637973,-0.3928950557592478,0.4794529677995739,-0.17076158738298683,-0.17586311452816475,-0.1488170274736692,-0.23930884326944624,0.0,1.0,0.0,0.0,1.0,0.0,0.0,0.0,1.0,0.0,1.0,0.0,0.0,0.0
-1.0095175929994251,1.7318391771041155,-0.9252740532123612,0.373729443283187,-0.21776150452745252,-0.17076158738298683,-0.17586311452816475,-0.1488170274736692,-0.23930884326944624,0.0,1.0,0.0,0.0,1.0,0.0,0.0,1.0,0.0,0.0,1.0,0.0,0.0,0.0
-0.20346189295330747,-0.2923082872864887,0.11638276535067636,-1.1595195548016826,-0.29401933743822134,-0.17076158738298683,-0.17586311452816475,-0.1488170274736692,-0.23930884326944624,0.0,0.0,0.0,1.0,0.0,0.0,1.0,1.0,0.0,0.0,0.0,0.0,0.0,1.0
0.11896038706513958,-1.0822194929023343,2.097438875431343,-1.1595195548016826,1.0459397265652832,-0.17076158738298683,-0.17586311452816475,-0.1488170274736692,-0.23930884326944624,0.0,0.0,1.0,0.0,0.0,1.0,0.0,0.0,1.0,0.0,0.0,1.0,0.0,0.0
1.2474383671297042,-0.7366333404454019,0.44223689459585414,-0.3928950557592478,-0.7079904303823931,-0.17076158738298683,-0.17586311452816475,-0.1488170274736692,-0.23930884326944624,0.0,0.0,1.0,0.0,0.0,0.0,1.0,0.0,1.0,0.0,1.0,0.0,0.0,0.0
0.8444105171066454,-0.6872638900944115,-0.2398061326830914,-1.1595195548016826,0.14173970776617026,-0.17076158738298683,-0.17586311452816475,-0.1488170274736692,-0.23930884326944624,0.0,1.0,0.0,0.0,0.0,0.0,1.0,0.0,1.0,0.0,0.0,1.0,0.0,0.0
-0.8483064529902015,0.20138621622341474,1.1047091033015155,-1.1595195548016826,-0.8822940484641498,-0.17076158738298683,-0.17586311452816475,-0.1488170274736692,-0.23930884326944624,1.0,0.0,0.0,0.0,0.0,1.0,0.0,1.0,0.0,0.0,0.0,0.0,0.0,1.0
-0.042250752944083945,-0.19356938658450804,0.2837132641522541,-0.3928950557592478,-0.9367639291146989,-0.17076158738298683,-0.17586311452816475,-0.1488170274736692,-0.23930884326944624,0.0,0.0,0.0,1.0,0.0,0.0,1.0,0.0,1.0,0.0,0.0,0.0,0.0,1.0
2.053494067175822,1.8305780778060963,0.8595846006711338,-1.1595195548016826,-0.021669934185476598,-0.17076158738298683,-0.17586311452816475,-0.1488170274736692,4.178700570935715,0.0,0.0,0.0,1.0,0.0,0.0,1.0,0.0,0.0,1.0,1.0,0.0,0.0,0.0
-1.0901231630040369,0.6950807197333182,0.12323255185132577,-1.1595195548016826,-0.021669934185476598,-0.17076158738298683,-0.17586311452816475,-0.1488170274736692,4.178700570935715,0.0,1.0,0.0,0.0,0.0,0.0,1.0,1.0,0.0,0.0,0.0,1.0,0.0,0.0
-1.4125454430224837,-0.7860027907963922,0.461807713169138,-0.3928950557592478,0.6864385142716598,-0.17076158738298683,-0.17586311452816475,-0.1488170274736692,-0.23930884326944624,0.0,0.0,0.0,1.0,0.0,0.0,1.0,1.0,0.0,0.0,1.0,0.0,0.0,0.0
-0.8483064529902015,-0.2923082872864887,-1.2687419191734943,1.1403539423256217,0.6864385142716598,-0.17076158738298683,-0.17586311452816475,-0.1488170274736692,-0.23930884326944624,0.0,1.0,0.0,0.0,1.0,0.0,0.0,0.0,0.0,1.0,0.0,0.0,0.0,1.0
1.0862272271204807,-0.04546103553153699,-0.19479324996453823,0.373729443283187,0.7518023710523186,-0.17076158738298683,-0.17586311452816475,-0.1488170274736692,-0.23930884326944624,1.0,0.0,0.0,0.0,1.0,0.0,0.0,0.0,1.0,0.0,0.0,0.0,0.0,1.0
1.2474383671297042,-0.04546103553153699,1.103241291908519,-0.3928950557592478,-0.152397647746794,-0.17076158738298683,-0.17586311452816475,-0.1488170274736692,-0.23930884326944624,0.0,1.0,0.0,0.0,0.0,1.0,0.0,0.0,0.0,1.0,1.0,0.0,0.0,0.0
2.6983386272127157,-0.9834805922003536,1.4990610975531868,-0.3928950557592478,2.0917614350558225,-0.17076158738298683,-0.17586311452816475,-0.1488170274736692,-0.23930884326944624,0.0,1.0,0.0,0.0,0.0,1.0,0.0,1.0,0.0,0.0,1.0,0.0,0.0,0.0
-1.8155732930455426,-0.8353722411473825,1.7901770238307857,-0.3928950557592478,0.7953782755727576,-0.17076158738298683,-0.17586311452816475,-0.1488170274736692,-0.23930884326944624,0.0,0.0,1.0,0.0,0.0,1.0,0.0,0.0,0.0,1.0,0.0,1.0,0.0,0.0
-0.1228563229486957,-0.5885249893924308,0.5728721085725241,-1.1595195548016826,0.5339228484501228,-0.17076158738298683,-0.17586311452816475,-0.1488170274736692,-0.23930884326944624,1.0,0.0,0.0,0.0,0.0,0.0,1.0,1.0,0.0,0.0,0.0,0.0,0.0,1.0
-0.8483064529902015,-0.19356938658450804,0.12274328138699377,-0.3928950557592478,-0.4356410271296483,-0.17076158738298683,-0.17586311452816475,-0.1488170274736692,-0.23930884326944624,0.0,1.0,0.0,0.0,0.0,0.0,1.0,0.0,1.0,0.0,0.0,1.0,0.0,0.0
1.328043937134316,0.3988640176273761,0.8840481238877388,-0.3928950557592478,0.370513206498476,-0.17076158738298683,-0.17586311452816475,-0.1488170274736692,-0.23930884326944624,0.0,0.0,0.0,1.0,0.0,0.0,1.0,0.0,1.0,0.0,1.0,0.0,0.0,0.0
-0.687095312980978,0.4976029183293568,-0.9580551743226118,1.1403539423256217,-0.4356410271296483,-0.17076158738298683,-0.17586311452816475,-0.1488170274736692,-0.23930884326944624,0.0,1.0,0.0,0.0,1.0,0.0,0.0,0.0,1.0,0.0,1.0,0.0,0.0,0.0
1.328043937134316,1.5343613757001542,0.33851155615744905,-1.1595195548016826,0.42498308714902494,-0.17076158738298683,-0.17586311452816475,-0.1488170274736692,-0.23930884326944624,1.0,0.0,0.0,0.0,0.0,0.0,1.0,1.0,0.0,0.0,1.0,0.0,0.0,0.0
1.0862272271204807,-0.2923082872864887,2.156151331151195,-0.3928950557592478,0.1526336838962802,-0.17076158738298683,-0.17586311452816475,-0.1488170274736692,-0.23930884326944624,0.0,0.0,0.0,1.0,0.0,1.0,0.0,0.0,0.0,1.0,0.0,0.0,0.0,1.0
0.4413826670835866,0.3494945672763858,-0.9923041068258588,1.1403539423256217,0.011011994204852849,-0.17076158738298683,-0.17586311452816475,-0.1488170274736692,-0.23930884326944624,0.0,1.0,0.0,0.0,1.0,0.0,0.0,1.0,0.0,0.0,0.0,0.0,1.0,0.0
0.5219882370881984,0.10264731552143405,-1.7134887712513718,0.373729443283187,-0.44653500325975826,-0.17076158738298683,-0.17586311452816475,-0.1488170274736692,-0.23930884326944624,0.0,0.0,1.0,0.0,1.0,0.0,0.0,0.0,0.0,1.0,0.0,0.0,0.0,1.0
-0.8483064529902015,0.7444501700843086,-0.48101647159881594,-0.3928950557592478,0.8716361084835265,-0.17076158738298683,-0.17586311452816475,-0.1488170274736692,-0.23930884326944624,0.0,0.0,0.0,1.0,1.0,0.0,0.0,1.0,0.0,0.0,0.0,0.0,0.0,1.0
-0.687095312980978,1.0406668721902506,-0.5695744256429255,0.373729443283187,-2.331192873768752,-0.17076158738298683,-0.17586311452816475,-0.1488170274736692,-0.23930884326944624,0.0,0.0,0.0,1.0,1.0,0.0,0.0,0.0,1.0,0.0,0.0,1.0,0.0,0.0
0.6831993770974218,0.8431890707862892,0.29349867343889624,-0.3928950557592478,0.6210746574910009,-0.17076158738298683,-0.17586311452816475,-0.1488170274736692,-0.23930884326944624,0.0,1.0,0.0,0.0,0.0,0.0,1.0,0.0,0.0,1.0,0.0,0.0,0.0,1.0
0.9250160871112572,1.5837308260511445,0.13888920670995294,0.373729443283187,-1.078385618806126,-0.17076158738298683,-0.17586311452816475,-0.1488170274736692,-0.23930884326944624,0.0,1.0,0.0,0.0,0.0,0.0,1.0,0.0,1.0,0.0,0.0,1.0,0.0,0.0
0.3607770970789749,-0.5391555390414404,0.003361288089961505,0.373729443283187,-0.4138530748694288,-0.17076158738298683,-0.17586311452816475,-0.1488170274736692,-0.23930884326944624,0.0,1.0,0.0,0.0,0.0,0.0,1.0,0.0,1.0,0.0,0.0,0.0,0.0,1.0
-1.8155732930455426,-0.8353722411473825,1.3576619333612103,-0.3928950557592478,0.8280602039630874,-0.17076158738298683,-0.17586311452816475,-0.1488170274736692,-0.23930884326944624,0.0,0.0,1.0,0.0,0.0,1.0,0.0,1.0,0.0,0.0,0.0,0.0,0.0,1.0
0.5219882370881984,-0.2923082872864887,0.19955874428713324,-1.1595195548016826,1.0786216549556122,-0.17076158738298683,-0.17586311452816475,-0.1488170274736692,-0.23930884326944624,0.0,0.0,1.0,0.0,0.0,0.0,1.0,0.0,1.0,0.0,0.0,1.0,0.0,0.0
1.0862272271204807,-0.5885249893924308,2.1336448897919187,0.373729443283187,-0.18507957613712345,-0.17076158738298683,-0.17586311452816475,-0.1488170274736692,-0.23930884326944624,0.0,1.0,0.0,0.0,0.0,1.0,0.0,0.0,1.0,0.0,0.0,1.0,0.0,0.0
0.6025938070928101,-0.14419993623351768,-0.4428533753809122,-1.1595195548016826,-1.7864940672632625,-0.17076158738298683,-0.17586311452816475,-0.1488170274736692,-0.23930884326944624,0.0,0.0,1.0,0.0,1.0,0.0,0.0,1.0,0.0,0.0,0.0,1.0,0.0,0.0
0.4413826670835866,-0.7860027907963922,-0.5578319344989554,1.1403539423256217,-0.8931880245942598,-0.17076158738298683,-0.17586311452816475,-0.1488170274736692,-0.23930884326944624,0.0,0.0,1.0,0.0,1.0,0.0,0.0,0.0,1.0,0.0,0.0,1.0,0.0,0.0
-0.28406746295791924,-1.0328500425513438,-0.5842525395728887,1.1403539423256217,-0.7842482632931619,-0.17076158738298683,-0.17586311452816475,-0.1488170274736692,-0.23930884326944624,0.0,0.0,1.0,0.0,0.0,0.0,1.0,0.0,1.0,0.0,0.0,1.0,0.0,0.0
0.4413826670835866,-1.1809583936043149,-1.888158327017931,0.373729443283187,1.0459397265652832,-0.17076158738298683,-0.17586311452816475,-0.1488170274736692,-0.23930884326944624,1.0,0.0,0.0,0.0,1.0,0.0,0.0,1.0,0.0,0.0,0.0,0.0,0.0,1.0
-0.687095312980978,1.1394057728922313,-0.2941151542239543,0.373729443283187,0.5121348961899029,-0.17076158738298683,-0.17586311452816475,-0.1488170274736692,-0.23930884326944624,1.0,0.0,0.0,0.0,1.0,0.0,0.0,1.0,0.0,0.0,0.0,0.0,0.0,1.0
-0.042250752944083945,1.5343613757001542,1.9575075226323626,-1.1595195548016826,0.16352766002639013,-0.17076158738298683,-0.17586311452816475,-0.1488170274736692,-0.23930884326944624,0.0,0.0,1.0,0.0,0.0,1.0,0.0,0.0,1.0,0.0,0.0,1.0,0.0,0.0
0.6831993770974218,0.1520167658724244,0.02146429527024937,0.373729443283187,-0.46832295551997777,-0.17076158738298683,-0.17586311452816475,-0.1488170274736692,-0.23930884326944624,1.0,0.0,0.0,0.0,0.0,0.0,1.0,1.0,0.0,0.0,0.0,0.0,1.0,0.0
0.03835481706052782,-1.3784361950082764,-1.5534973294147756,0.373729443283187,1.242031296907259,-0.17076158738298683,-0.17586311452816475,-0.1488170274736692,-0.23930884326944624,0.0,1.0,0.0,0.0,1.0,0.0,0.0,0.0,1.0,0.0,0.0,1.0,0.0,0.0
1.8116773571619864,-0.4897860886904501,-1.5138664218038758,0.373729443283187,-1.0457036904157968,-0.17076158738298683,-0.17586311452816475,-0.1488170274736692,-0.23930884326944624,0.0,0.0,0.0,1.0,1.0,0.0,0.0,0.0,1.0,0.0,1.0,0.0,0.0,0.0
0.19956595706975133,-0.8353722411473825,-0.9629478789659328,-0.3928950557592478,0.39230115875869587,-0.17076158738298683,-0.17586311452816475,-0.1488170274736692,-0.23930884326944624,1.0,0.0,0.0,0.0,1.0,0.0,0.0,1.0,0.0,0.0,1.0,0.0,0.0,0.0
-1.331939873017872,-0.6872638900944115,-0.5377718454613392,-1.1595195548016826,-0.021669934185476598,-0.17076158738298683,-0.17586311452816475,-0.1488170274736692,4.178700570935715,1.0,0.0,0.0,0.0,1.0,0.0,0.0,1.0,0.0,0.0,0.0,0.0,0.0,1.0
0.03835481706052782,-0.6378944397434212,0.024889188520574073,-0.3928950557592478,0.3814071826285859,-0.17076158738298683,-0.17586311452816475,-0.1488170274736692,-0.23930884326944624,0.0,0.0,0.0,1.0,0.0,0.0,1.0,0.0,1.0,0.0,1.0,0.0,0.0,0.0
-0.9289120229948132,1.1394057728922313,-0.834759017310923,-0.3928950557592478,-0.664414525861954,-0.17076158738298683,-0.17586311452816475,-0.1488170274736692,-0.23930884326944624,0.0,0.0,1.0,0.0,1.0,0.0,0.0,1.0,0.0,0.0,0.0,0.0,0.0,1.0
-1.4125454430224837,1.6331002764021347,-1.718381475894693,0.373729443283187,1.8520939601934077,-0.17076158738298683,-0.17586311452816475,-0.1488170274736692,-0.23930884326944624,1.0,0.0,0.0,0.0,1.0,0.0,0.0,0.0,1.0,0.0,1.0,0.0,0.0,0.0
0.6831993770974218,-0.19356938658450804,-0.06415803598786786,-0.3928950557592478,1.1875614162567103,-0.17076158738298683,-0.17586311452816475,-0.1488170274736692,-0.23930884326944624,0.0,1.0,0.0,0.0,0.0,0.0,1.0,0.0,1.0,0.0,0.0,1.0,0.0,0.0
-1.4931510130270955,-0.24293883693549836,-1.0955401747999316,1.1403539423256217,0.9587879175244045,-0.17076158738298683,-0.17586311452816475,-0.1488170274736692,-0.23930884326944624,1.0,0.0,0.0,0.0,1.0,0.0,0.0,1.0,0.0,0.0,0.0,0.0,0.0,1.0
-1.4125454430224837,1.090036322541241,-1.3010337698194128,2.673602940410491,0.043693922595182295,-0.17076158738298683,-0.17586311452816475,-0.1488170274736692,-0.23930884326944624,1.0,0.0,0.0,0.0,1.0,0.0,0.0,0.0,1.0,0.0,0.0,0.0,1.0,0.0
0.19956595706975133,0.7938196204352989,1.0181082311147343,1.1403539423256217,-0.021669934185476598,-0.17076158738298683,-0.17586311452816475,-0.1488170274736692,4.178700570935715,0.0,0.0,1.0,0.0,0.0,0.0,1.0,0.0,1.0,0.0,0.0,1.0,0.0,0.0
0.03835481706052782,2.7192281841239225,-1.3333256204653314,-1.1595195548016826,1.2856072014276982,5.8561179673106665,-0.17586311452816475,-0.1488170274736692,-0.23930884326944624,0.0,0.0,0.0,1.0,1.0,0.0,0.0,0.0,0.0,1.0,0.0,1.0,0.0,0.0
0.03835481706052782,-0.5391555390414404,-0.904235423246081,2.673602940410491,0.31604332584792705,-0.17076158738298683,-0.17586311452816475,-0.1488170274736692,-0.23930884326944624,0.0,0.0,1.0,0.0,1.0,0.0,0.0,0.0,1.0,0.0,0.0,0.0,1.0,0.0
0.4413826670835866,0.1520167658724244,0.8263142090965515,0.373729443283187,1.1766674401266004,-0.17076158738298683,-0.17586311452816475,-0.1488170274736692,-0.23930884326944624,0.0,0.0,1.0,0.0,0.0,0.0,1.0,0.0,0.0,1.0,1.0,0.0,0.0,0.0
-0.687095312980978,-0.44041663833945977,-0.8014886257363403,0.373729443283187,-0.773354287163052,-0.17076158738298683,-0.17586311452816475,-0.1488170274736692,-0.23930884326944624,0.0,1.0,0.0,0.0,1.0,0.0,0.0,0.0,0.0,1.0,0.0,0.0,0.0,1.0
0.2801715270743631,-1.1315889432533246,-0.3151537841902345,1.9069784413680564,-0.2613374090478919,-0.17076158738298683,-0.17586311452816475,-0.1488170274736692,-0.23930884326944624,1.0,0.0,0.0,0.0,0.0,0.0,1.0,0.0,1.0,0.0,0.0,1.0,0.0,0.0
0.4413826670835866,-0.6872638900944115,1.846932397693309,-0.3928950557592478,-0.021669934185476598,-0.17076158738298683,-0.17586311452816475,-0.1488170274736692,4.178700570935715,0.0,0.0,1.0,0.0,0.0,1.0,0.0,1.0,0.0,0.0,1.0,0.0,0.0,0.0
0.03835481706052782,0.7444501700843086,-0.5725100484289182,-0.3928950557592478,-0.21776150452745252,-0.17076158738298683,-0.17586311452816475,-0.1488170274736692,-0.23930884326944624,0.0,0.0,1.0,0.0,1.0,0.0,0.0,0.0,1.0,0.0,0.0,1.0,0.0,0.0
-0.042250752944083945,-1.2303278439553054,-1.1845873993083735,0.373729443283187,0.021905970334962794,-0.17076158738298683,-0.17586311452816475,-0.1488170274736692,-0.23930884326944624,0.0,1.0,0.0,0.0,1.0,0.0,0.0,0.0,0.0,1.0,1.0,0.0,0.0,0.0
-1.8155732930455426,-0.09483048588252734,-0.5152654041020626,0.373729443283187,0.00011801807474329057,-0.17076158738298683,-0.17586311452816475,-0.1488170274736692,-0.23930884326944624,0.0,0.0,1.0,0.0,1.0,0.0,0.0,0.0,0.0,1.0,0.0,1.0,0.0,0.0
0.2801715270743631,-1.1315889432533246,-0.14880182631732108,-0.3928950557592478,0.457665015539354,-0.17076158738298683,-0.17586311452816475,-0.1488170274736692,-0.23930884326944624,1.0,0.0,0.0,0.0,0.0,0.0,1.0,0.0,1.0,0.0,1.0,0.0,0.0,0.0
-1.7349677230409308,0.0532778651704437,-0.9805616156818884,1.1403539423256217,-0.021669934185476598,-0.17076158738298683,-0.17586311452816475,-0.1488170274736692,4.178700570935715,0.0,0.0,1.0,0.0,1.0,0.0,0.0,0.0,1.0,0.0,0.0,1.0,0.0,0.0
-1.0901231630040369,-0.04546103553153699,0.432940755773544,-1.1595195548016826,-0.3593831942188799,-0.17076158738298683,-0.17586311452816475,-0.1488170274736692,-0.23930884326944624,0.0,0.0,1.0,0.0,0.0,0.0,1.0,0.0,0.0,1.0,1.0,0.0,0.0,0.0
0.19956595706975133,-1.2303278439553054,-0.333746061834854,0.373729443283187,-0.5336868123006366,-0.17076158738298683,-0.17586311452816475,-0.1488170274736692,-0.23930884326944624,0.0,0.0,1.0,0.0,0.0,0.0,1.0,0.0,1.0,0.0,0.0,0.0,0.0,1.0
-0.5258841729717545,0.5963418190313375,2.353816598741363,1.1403539423256217,1.9828216737547246,-0.17076158738298683,-0.17586311452816475,-0.1488170274736692,-0.23930884326944624,0.0,0.0,0.0,1.0,0.0,1.0,0.0,0.0,1.0,0.0,0.0,1.0,0.0,0.0
-0.20346189295330747,2.6204892834219415,0.7568378031613935,1.9069784413680564,0.6537565858813307,-0.17076158738298683,-0.17586311452816475,-0.1488170274736692,-0.23930884326944624,0.0,1.0,0.0,0.0,0.0,1.0,0.0,0.0,1.0,0.0,0.0,0.0,1.0,0.0
0.7638049471020336,-0.34167773763747905,-1.3969307808285043,-0.3928950557592478,-0.195973552267233,-0.17076158738298683,-0.17586311452816475,-0.1488170274736692,-0.23930884326944624,0.0,1.0,0.0,0.0,1.0,0.0,0.0,0.0,1.0,0.0,0.0,0.0,0.0,1.0
1.2474383671297042,-0.5391555390414404,-1.5319694289841632,-0.3928950557592478,0.0654818748554018,-0.17076158738298683,-0.17586311452816475,6.719661163618754,-0.23930884326944624,0.0,0.0,0.0,1.0,1.0,0.0,0.0,0.0,1.0,0.0,0.0,0.0,1.0,0.0
1.2474383671297042,-0.4897860886904501,-0.6488362408647257,-1.1595195548016826,-0.42474705099953874,-0.17076158738298683,-0.17586311452816475,-0.1488170274736692,-0.23930884326944624,1.0,0.0,0.0,0.0,1.0,0.0,0.0,0.0,1.0,0.0,0.0,0.0,0.0,1.0
0.11896038706513958,0.4482334679783665,-0.7178233763355514,1.1403539423256217,-0.4574289793898682,-0.17076158738298683,-0.17586311452816475,-0.1488170274736692,-0.23930884326944624,0.0,0.0,1.0,0.0,1.0,0.0,0.0,1.0,0.0,0.0,1.0,0.0,0.0,0.0
-1.654362153036319,0.6950807197333182,0.4104343144142675,-0.3928950557592478,-0.8931880245942598,-0.17076158738298683,-0.17586311452816475,6.719661163618754,-0.23930884326944624,0.0,0.0,0.0,1.0,0.0,0.0,1.0,0.0,1.0,0.0,0.0,0.0,0.0,1.0
-1.4931510130270955,-1.4278056453592667,0.8586060597424698,1.1403539423256217,0.9261059891340755,-0.17076158738298683,-0.17586311452816475,-0.1488170274736692,-0.23930884326944624,1.0,0.0,0.0,0.0,0.0,0.0,1.0,0.0,1.0,0.0,0.0,0.0,0.0,1.0
-1.8155732930455426,-0.7366333404454019,-0.03382326719927788,0.373729443283187,1.1330915356061613,-0.17076158738298683,-0.17586311452816475,-0.1488170274736692,-0.23930884326944624,0.0,0.0,0.0,1.0,0.0,0.0,1.0,0.0,1.0,0.0,0.0,0.0,0.0,1.0
0.5219882370881984,-0.4897860886904501,-1.1146217229088835,1.9069784413680564,-1.6121904491815058,-0.17076158738298683,-0.17586311452816475,-0.1488170274736692,-0.23930884326944624,0.0,0.0,1.0,0.0,1.0,0.0,0.0,1.0,0.0,0.0,1.0,0.0,0.0,0.0
1.4086495071389278,-0.44041663833945977,-1.4688535390853226,-1.1595195548016826,-0.5881566929511856,-0.17076158738298683,-0.17586311452816475,-0.1488170274736692,-0.23930884326944624,0.0,1.0,0.0,0.0,1.0,0.0,0.0,1.0,0.0,0.0,0.0,0.0,1.0,0.0
0.6025938070928101,0.1520167658724244,0.24799652025601074,-1.1595195548016826,0.3487252542382561,-0.17076158738298683,-0.17586311452816475,-0.1488170274736692,-0.23930884326944624,0.0,0.0,0.0,1.0,0.0,0.0,1.0,1.0,0.0,0.0,0.0,0.0,0.0,1.0
0.2801715270743631,-0.7366333404454019,-0.3117288909399098,-0.3928950557592478,-0.7951422394232714,-0.17076158738298683,-0.17586311452816475,-0.1488170274736692,-0.23930884326944624,0.0,1.0,0.0,0.0,0.0,0.0,1.0,0.0,1.0,0.0,0.0,0.0,0.0,1.0
0.03835481706052782,0.4482334679783665,2.169361633688162,1.1403539423256217,0.9914698459147343,5.8561179673106665,-0.17586311452816475,-0.1488170274736692,-0.23930884326944624,0.0,1.0,0.0,0.0,0.0,1.0,0.0,0.0,1.0,0.0,0.0,0.0,0.0,1.0
1.328043937134316,-0.2923082872864887,-0.3728876989814221,-0.3928950557592478,0.1962095884167192,-0.17076158738298683,-0.17586311452816475,-0.1488170274736692,-0.23930884326944624,0.0,1.0,0.0,0.0,0.0,0.0,1.0,0.0,1.0,0.0,0.0,0.0,0.0,1.0
-0.4452786029671427,-0.6378944397434212,-0.7241838923718688,2.673602940410491,-0.5881566929511856,-0.17076158738298683,-0.17586311452816475,-0.1488170274736692,-0.23930884326944624,0.0,0.0,1.0,0.0,1.0,0.0,0.0,0.0,1.0,0.0,1.0,0.0,0.0,0.0
-0.4452786029671427,-1.0822194929023343,-0.8616688928491886,1.1403539423256217,0.7844842994426477,-0.17076158738298683,-0.17586311452816475,-0.1488170274736692,-0.23930884326944624,1.0,0.0,0.0,0.0,1.0,0.0,0.0,0.0,1.0,0.0,0.0,1.0,0.0,0.0
0.6831993770974218,-0.14419993623351768,-0.809316953165654,-1.1595195548016826,-1.5141446640105178,-0.17076158738298683,-0.17586311452816475,-0.1488170274736692,-0.23930884326944624,1.0,0.0,0.0,0.0,1.0,0.0,0.0,0.0,1.0,0.0,0.0,0.0,1.0,0.0
1.0862272271204807,0.4482334679783665,-0.2652481968283603,0.373729443283187,0.42498308714902494,-0.17076158738298683,-0.17586311452816475,-0.1488170274736692,-0.23930884326944624,0.0,1.0,0.0,0.0,1.0,0.0,0.0,1.0,0.0,0.0,1.0,0.0,0.0,0.0
-1.4125454430224837,-0.7860027907963922,-0.09424816954429202,1.9069784413680564,-2.7778458951032534,-0.17076158738298683,5.686240703077327,-0.1488170274736692,-0.23930884326944624,1.0,0.0,0.0,0.0,1.0,0.0,0.0,0.0,1.0,0.0,0.0,1.0,0.0,0.0
-0.7677008829855898,-1.2303278439553054,-0.934080921570339,-1.1595195548016826,0.07637585098551174,-0.17076158738298683,-0.17586311452816475,-0.1488170274736692,-0.23930884326944624,0.0,0.0,0.0,1.0,1.0,0.0,0.0,1.0,0.0,0.0,0.0,0.0,1.0,0.0
-1.654362153036319,0.25075566657440507,1.9922457255999422,-1.1595195548016826,1.1330915356061613,-0.17076158738298683,-0.17586311452816475,-0.1488170274736692,-0.23930884326944624,0.0,1.0,0.0,0.0,0.0,1.0,0.0,0.0,1.0,0.0,0.0,1.0,0.0,0.0
0.11896038706513958,-0.4897860886904501,0.461807713169138,-1.1595195548016826,-0.021669934185476598,-0.17076158738298683,-0.17586311452816475,-0.1488170274736692,4.178700570935715,0.0,1.0,0.0,0.0,0.0,0.0,1.0,0.0,1.0,0.0,0.0,0.0,1.0,0.0
-1.5737565830317073,-0.9834805922003536,0.014614508769599964,1.1403539423256217,-0.09792776709624505,-0.17076158738298683,-0.17586311452816475,-0.1488170274736692,-0.23930884326944624,1.0,0.0,0.0,0.0,0.0,0.0,1.0,1.0,0.0,0.0,1.0,0.0,0.0,0.0
1.0862272271204807,-0.9341111418493633,1.1678249932003557,-1.1595195548016826,1.8085180556729685,-0.17076158738298683,-0.17586311452816475,-0.1488170274736692,-0.23930884326944624,1.0,0.0,0.0,0.0,0.0,1.0,0.0,1.0,0.0,0.0,0.0,0.0,0.0,1.0
-0.6064897429763663,3.2129226876338257,2.27161916073357,0.373729443283187,0.1962095884167192,-0.17076158738298683,-0.17586311452816475,-0.1488170274736692,-0.23930884326944624,0.0,0.0,1.0,0.0,0.0,1.0,0.0,1.0,0.0,0.0,1.0,0.0,0.0,0.0
-0.28406746295791924,-0.6378944397434212,-0.0475228402005767,2.673602940410491,-1.3616289981889804,-0.17076158738298683,-0.17586311452816475,-0.1488170274736692,-0.23930884326944624,0.0,1.0,0.0,0.0,1.0,0.0,0.0,0.0,1.0,0.0,0.0,1.0,0.0,0.0
-1.8155732930455426,-0.14419993623351768,-0.1468447444599924,0.373729443283187,-1.3725229743190903,-0.17076158738298683,-0.17586311452816475,-0.1488170274736692,-0.23930884326944624,1.0,0.0,0.0,0.0,0.0,0.0,1.0,0.0,1.0,0.0,0.0,0.0,0.0,1.0
0.9250160871112572,0.0532778651704437,-1.5671969024160746,1.9069784413680564,0.10905777937584119,-0.17076158738298683,-0.17586311452816475,-0.1488170274736692,-0.23930884326944624,0.0,0.0,0.0,1.0,1.0,0.0,0.0,0.0,1.0,0.0,0.0,1.0,0.0,0.0
0.11896038706513958,0.30012511692539545,2.0871641956803693,-1.1595195548016826,1.1004096072158323,-0.17076158738298683,-0.17586311452816475,-0.1488170274736692,-0.23930884326944624,0.0,0.0,0.0,1.0,0.0,1.0,0.0,1.0,0.0,0.0,1.0,0.0,0.0,0.0
-1.1707287330086487,-0.4897860886904501,-0.9179349962473798,0.373729443283187,-0.29401933743822134,-0.17076158738298683,-0.17586311452816475,-0.1488170274736692,-0.23930884326944624,0.0,0.0,0.0,1.0,1.0,0.0,0.0,0.0,1.0,0.0,0.0,0.0,1.0,0.0
1.7310717871573746,0.8925585211372796,2.1600654948658513,-1.1595195548016826,-0.5663687406909661,-0.17076158738298683,-0.17586311452816475,-0.1488170274736692,-0.23930884326944624,1.0,0.0,0.0,0.0,0.0,1.0,0.0,0.0,0.0,1.0,0.0,1.0,0.0,0.0
-0.36467303296253095,0.9419279714882699,-1.7545874902552683,1.1403539423256217,-0.021669934185476598,-0.17076158738298683,-0.17586311452816475,-0.1488170274736692,4.178700570935715,0.0,0.0,1.0,0.0,1.0,0.0,0.0,0.0,1.0,0.0,0.0,0.0,1.0,0.0
-0.042250752944083945,0.3494945672763858,-1.2692311896378266,-1.1595195548016826,-1.2200073084975536,-0.17076158738298683,-0.17586311452816475,-0.1488170274736692,-0.23930884326944624,0.0,1.0,0.0,0.0,1.0,0.0,0.0,0.0,1.0,0.0,0.0,1.0,0.0,0.0
0.3607770970789749,0.9912974218392603,-1.1004328794432525,2.673602940410491,-0.3702771703489898,-0.17076158738298683,-0.17586311452816475,-0.1488170274736692,-0.23930884326944624,0.0,1.0,0.0,0.0,1.0,0.0,0.0,0.0,1.0,0.0,0.0,1.0,0.0,0.0
-0.5258841729717545,-0.5391555390414404,0.18977333500049112,-0.3928950557592478,-0.9040820007243694,-0.17076158738298683,-0.17586311452816475,-0.1488170274736692,-0.23930884326944624,0.0,0.0,1.0,0.0,0.0,0.0,1.0,0.0,1.0,0.0,1.0,0.0,0.0,0.0
0.2801715270743631,2.37364203166699,-0.7006989100839279,0.373729443283187,-0.5772627168210757,-0.17076158738298683,-0.17586311452816475,-0.1488170274736692,-0.23930884326944624,0.0,0.0,1.0,0.0,1.0,0.0,0.0,1.0,0.0,0.0,0.0,0.0,0.0,1.0
-0.36467303296253095,-0.9341111418493633,-0.11602070520707042,-0.3928950557592478,-0.5881566929511856,-0.17076158738298683,-0.17586311452816475,-0.1488170274736692,-0.23930884326944624,0.0,0.0,1.0,0.0,0.0,0.0,1.0,1.0,0.0,0.0,1.0,0.0,0.0,0.0
-1.8155732930455426,-0.7366333404454019,-1.077926438083976,-1.1595195548016826,-0.2395494567876724,-0.17076158738298683,-0.17586311452816475,-0.1488170274736692,-0.23930884326944624,0.0,0.0,1.0,0.0,1.0,0.0,0.0,0.0,1.0,0.0,0.0,1.0,0.0,0.0
-1.1707287330086487,-0.9834805922003536,-0.13608079424468628,2.673602940410491,-0.0652458387059156,-0.17076158738298683,-0.17586311452816475,-0.1488170274736692,-0.23930884326944624,0.0,1.0,0.0,0.0,0.0,0.0,1.0,0.0,1.0,0.0,0.0,0.0,0.0,1.0
-0.28406746295791924,-0.04546103553153699,-0.06122241320187516,-0.3928950557592478,-1.6448723775718352,-0.17076158738298683,-0.17586311452816475,-0.1488170274736692,-0.23930884326944624,0.0,1.0,0.0,0.0,0.0,0.0,1.0,1.0,0.0,0.0,0.0,0.0,1.0,0.0
1.4892550771435396,0.10264731552143405,-1.6449909062448782,-0.3928950557592478,-0.250443432917782,-0.17076158738298683,-0.17586311452816475,-0.1488170274736692,-0.23930884326944624,0.0,0.0,1.0,0.0,1.0,0.0,0.0,1.0,0.0,0.0,0.0,1.0,0.0,0.0
0.19956595706975133,-0.7366333404454019,-0.6038233581461725,0.373729443283187,-0.773354287163052,-0.17076158738298683,-0.17586311452816475,-0.1488170274736692,-0.23930884326944624,0.0,1.0,0.0,0.0,1.0,0.0,0.0,1.0,0.0,0.0,1.0,0.0,0.0,0.0
-0.687095312980978,-0.7860027907963922,0.7216103297294824,-1.1595195548016826,-0.3702771703489898,-0.17076158738298683,-0.17586311452816475,-0.1488170274736692,-0.23930884326944624,0.0,0.0,1.0,0.0,0.0,0.0,1.0,1.0,0.0,0.0,0.0,1.0,0.0,0.0
-0.20346189295330747,1.0406668721902506,0.38205662748300584,-0.3928950557592478,-0.021669934185476598,-0.17076158738298683,-0.17586311452816475,-0.1488170274736692,4.178700570935715,0.0,1.0,0.0,0.0,0.0,0.0,1.0,0.0,1.0,0.0,0.0,0.0,0.0,1.0
-1.8155732930455426,0.9912974218392603,0.34780769497975916,1.1403539423256217,0.44677103940924484,-0.17076158738298683,-0.17586311452816475,-0.1488170274736692,-0.23930884326944624,0.0,1.0,0.0,0.0,0.0,0.0,1.0,0.0,1.0,0.0,0.0,1.0,0.0,0.0
0.4413826670835866,-0.2923082872864887,0.7651554010550392,-1.1595195548016826,-1.4814627356201884,-0.17076158738298683,-0.17586311452816475,-0.1488170274736692,-0.23930884326944624,1.0,0.0,0.0,0.0,0.0,0.0,1.0,1.0,0.0,0.0,1.0,0.0,0.0,0.0
-0.1228563229486957,-1.1809583936043149,0.10268319234937755,-1.1595195548016826,-1.296265141408322,-0.17076158738298683,-0.17586311452816475,-0.1488170274736692,-0.23930884326944624,0.0,0.0,1.0,0.0,0.0,0.0,1.0,0.0,1.0,0.0,0.0,1.0,0.0,0.0
-0.687095312980978,-0.04546103553153699,-1.5843213686676978,1.1403539423256217,-0.620838621341515,-0.17076158738298683,-0.17586311452816475,-0.1488170274736692,-0.23930884326944624,1.0,0.0,0.0,0.0,1.0,0.0,0.0,0.0,1.0,0.0,0.0,1.0,0.0,0.0
0.9250160871112572,-1.4278056453592667,-0.7946388392356909,0.373729443283187,-0.5336868123006366,-0.17076158738298683,-0.17586311452816475,-0.1488170274736692,-0.23930884326944624,0.0,0.0,1.0,0.0,1.0,0.0,0.0,0.0,1.0,0.0,1.0,0.0,0.0,0.0
-1.0901231630040369,-1.0328500425513438,-0.491780421814122,0.373729443283187,0.6755445381415498,-0.17076158738298683,-0.17586311452816475,-0.1488170274736692,-0.23930884326944624,1.0,0.0,0.0,0.0,0.0,0.0,1.0,1.0,0.0,0.0,1.0,0.0,0.0,0.0
0.5219882370881984,0.003908414819453356,-0.16935118581926897,-0.3928950557592478,1.372759010468577,-0.17076158738298683,-0.17586311452816475,-0.1488170274736692,-0.23930884326944624,0.0,0.0,0.0,1.0,0.0,0.0,1.0,0.0,1.0,0.0,0.0,0.0,0.0,1.0
-0.1228563229486957,-0.04546103553153699,-0.25693059893471454,-0.3928950557592478,-0.27223138517800144,-0.17076158738298683,-0.17586311452816475,-0.1488170274736692,-0.23930884326944624,0.0,0.0,0.0,1.0,1.0,0.0,0.0,0.0,1.0,0.0,0.0,1.0,0.0,0.0
2.3759163471942686,-1.3784361950082764,-0.47220960324083816,1.1403539423256217,-0.1306096954865745,-0.17076158738298683,-0.17586311452816475,-0.1488170274736692,-0.23930884326944624,0.0,0.0,1.0,0.0,1.0,0.0,0.0,1.0,0.0,0.0,0.0,0.0,0.0,1.0
1.2474383671297042,0.0532778651704437,-1.5324586994484954,-1.1595195548016826,0.5883927291006718,-0.17076158738298683,-0.17586311452816475,-0.1488170274736692,-0.23930884326944624,0.0,1.0,0.0,0.0,1.0,0.0,0.0,1.0,0.0,0.0,0.0,0.0,0.0,1.0
-0.1228563229486957,-0.8847416914983729,-0.1023211322057716,-1.1595195548016826,1.4816987717696748,-0.17076158738298683,-0.17586311452816475,-0.1488170274736692,-0.23930884326944624,0.0,0.0,0.0,1.0,0.0,0.0,1.0,1.0,0.0,0.0,0.0,1.0,0.0,0.0
-0.687095312980978,0.4482334679783665,0.6599622512236377,-1.1595195548016826,-0.3593831942188799,-0.17076158738298683,-0.17586311452816475,-0.1488170274736692,-0.23930884326944624,0.0,1.0,0.0,0.0,0.0,0.0,1.0,1.0,0.0,0.0,1.0,0.0,0.0,0.0
-1.8155732930455426,1.5837308260511445,-0.1527159900319778,-0.3928950557592478,-0.8822940484641498,-0.17076158738298683,-0.17586311452816475,-0.1488170274736692,-0.23930884326944624,0.0,0.0,1.0,0.0,0.0,0.0,1.0,0.0,1.0,0.0,0.0,1.0,0.0,0.0
0.6025938070928101,0.3494945672763858,0.08996216027674309,-1.1595195548016826,-0.021669934185476598,-0.17076158738298683,-0.17586311452816475,-0.1488170274736692,4.178700570935715,0.0,0.0,1.0,0.0,0.0,0.0,1.0,0.0,0.0,1.0,0.0,1.0,0.0,0.0
0.3607770970789749,2.0280558792100574,2.1835504771537924,0.373729443283187,-0.21776150452745252,-0.17076158738298683,-0.17586311452816475,-0.1488170274736692,-0.23930884326944624,1.0,0.0,0.0,0.0,0.0,1.0,0.0,0.0,1.0,0.0,0.0,1.0,0.0,0.0
0.8444105171066454,-1.0328500425513438,-0.09449280477645819,-1.1595195548016826,-1.3071591175384316,-0.17076158738298683,-0.17586311452816475,-0.1488170274736692,-0.23930884326944624,0.0,0.0,1.0,0.0,0.0,0.0,1.0,0.0,1.0,0.0,0.0,1.0,0.0,0.0
-0.20346189295330747,-0.14419993623351768,-1.1420208689114808,-1.1595195548016826,1.612426485330992,-0.17076158738298683,-0.17586311452816475,-0.1488170274736692,-0.23930884326944624,0.0,0.0,1.0,0.0,1.0,0.0,0.0,0.0,1.0,0.0,0.0,1.0,0.0,0.0
-1.0901231630040369,-0.34167773763747905,-1.1885015630230302,0.373729443283187,-0.021669934185476598,-0.17076158738298683,-0.17586311452816475,-0.1488170274736692,4.178700570935715,0.0,0.0,1.0,0.0,1.0,0.0,0.0,1.0,0.0,0.0,1.0,0.0,0.0,0.0
-1.2513343030132602,0.003908414819453356,-0.3161323251188985,0.373729443283187,0.5339228484501228,-0.17076158738298683,-0.17586311452816475,-0.1488170274736692,-0.23930884326944624,0.0,0.0,1.0,0.0,0.0,0.0,1.0,1.0,0.0,0.0,0.0,1.0,0.0,0.0
1.8922829271665982,0.5963418190313375,0.11687203581500837,1.1403539423256217,1.1984553923868202,-0.17076158738298683,-0.17586311452816475,-0.1488170274736692,-0.23930884326944624,0.0,0.0,0.0,1.0,0.0,0.0,1.0,0.0,1.0,0.0,1.0,0.0,0.0,0.0
0.7638049471020336,0.10264731552143405,1.3278164350369523,-0.3928950557592478,1.1766674401266004,-0.17076158738298683,-0.17586311452816475,-0.1488170274736692,-0.23930884326944624,0.0,0.0,1.0,0.0,0.0,1.0,0.0,0.0,0.0,1.0,1.0,0.0,0.0,0.0
0.3607770970789749,1.6331002764021347,-0.46144565302553203,-0.3928950557592478,-0.021669934185476598,-0.17076158738298683,-0.17586311452816475,-0.1488170274736692,4.178700570935715,0.0,1.0,0.0,0.0,1.0,0.0,0.0,1.0,0.0,0.0,0.0,0.0,0.0,1.0
1.4086495071389278,0.25075566657440507,-0.7784929139127317,1.1403539423256217,0.5992867052307818,-0.17076158738298683,-0.17586311452816475,-0.1488170274736692,-0.23930884326944624,1.0,0.0,0.0,0.0,1.0,0.0,0.0,0.0,1.0,0.0,0.0,0.0,0.0,1.0
1.0862272271204807,-1.1315889432533246,-0.017677341876318715,-1.1595195548016826,-0.021669934185476598,-0.17076158738298683,-0.17586311452816475,-0.1488170274736692,4.178700570935715,0.0,0.0,1.0,0.0,0.0,0.0,1.0,0.0,1.0,0.0,1.0,0.0,0.0,0.0
0.4413826670835866,-0.8847416914983729,1.7598422550421953,-1.1595195548016826,0.40319513488880504,-0.17076158738298683,-0.17586311452816475,-0.1488170274736692,-0.23930884326944624,1.0,0.0,0.0,0.0,0.0,1.0,0.0,0.0,1.0,0.0,1.0,0.0,0.0,0.0
-0.1228563229486957,-0.14419993623351768,2.297550495343171,0.373729443283187,-0.6535205497318441,-0.17076158738298683,-0.17586311452816475,-0.1488170274736692,-0.23930884326944624,0.0,1.0,0.0,0.0,0.0,1.0,0.0,0.0,1.0,0.0,0.0,1.0,0.0,0.0
-1.0095175929994251,2.4723809323689707,2.555396030046187,-0.3928950557592478,0.8280602039630874,-0.17076158738298683,-0.17586311452816475,-0.1488170274736692,-0.23930884326944624,1.0,0.0,0.0,0.0,0.0,1.0,0.0,0.0,1.0,0.0,0.0,0.0,0.0,1.0
-0.36467303296253095,-0.5391555390414404,1.226048178455876,-0.3928950557592478,1.7758361272826388,-0.17076158738298683,-0.17586311452816475,-0.1488170274736692,-0.23930884326944624,0.0,0.0,1.0,0.0,0.0,1.0,0.0,0.0,1.0,0.0,0.0,0.0,1.0,0.0
0.03835481706052782,-0.14419993623351768,-1.4326475247247474,-1.1595195548016826,-0.2613374090478919,-0.17076158738298683,-0.17586311452816475,-0.1488170274736692,-0.23930884326944624,1.0,0.0,0.0,0.0,1.0,0.0,0.0,0.0,1.0,0.0,1.0,0.0,0.0,0.0
-0.4452786029671427,-0.5391555390414404,0.028314081770898777,0.373729443283187,-0.8278241678136009,-0.17076158738298683,-0.17586311452816475,-0.1488170274736692,-0.23930884326944624,1.0,0.0,0.0,0.0,0.0,0.0,1.0,0.0,1.0,0.0,0.0,1.0,0.0,0.0
0.19956595706975133,-0.04546103553153699,1.5753872899889945,-0.3928950557592478,2.1571252918364814,-0.17076158738298683,-0.17586311452816475,-0.1488170274736692,-0.23930884326944624,0.0,0.0,0.0,1.0,0.0,1.0,0.0,1.0,0.0,0.0,0.0,0.0,1.0,0.0
-1.0901231630040369,0.30012511692539545,-1.3489822753239584,1.1403539423256217,-0.27223138517800144,-0.17076158738298683,-0.17586311452816475,-0.1488170274736692,-0.23930884326944624,0.0,0.0,0.0,1.0,1.0,0.0,0.0,0.0,1.0,0.0,0.0,0.0,0.0,1.0
-0.9289120229948132,1.5837308260511445,-0.4516602437388899,0.373729443283187,-0.7406723587727225,-0.17076158738298683,-0.17586311452816475,-0.1488170274736692,-0.23930884326944624,0.0,1.0,0.0,0.0,1.0,0.0,0.0,1.0,0.0,0.0,0.0,0.0,0.0,1.0
-0.28406746295791924,-0.9834805922003536,-1.1087504773368981,1.9069784413680564,-0.9476579052448088,-0.17076158738298683,-0.17586311452816475,-0.1488170274736692,-0.23930884326944624,0.0,1.0,0.0,0.0,1.0,0.0,0.0,0.0,1.0,0.0,0.0,1.0,0.0,0.0
-0.1228563229486957,-1.1315889432533246,-1.113153911515887,-0.3928950557592478,-0.021669934185476598,-0.17076158738298683,-0.17586311452816475,-0.1488170274736692,4.178700570935715,0.0,1.0,0.0,0.0,1.0,0.0,0.0,0.0,0.0,1.0,0.0,0.0,0.0,1.0
0.19956595706975133,-1.0822194929023343,0.29056305065290355,0.373729443283187,-0.4138530748694288,-0.17076158738298683,-0.17586311452816475,-0.1488170274736692,-0.23930884326944624,1.0,0.0,0.0,0.0,0.0,0.0,1.0,0.0,1.0,0.0,0.0,0.0,1.0,0.0
-0.4452786029671427,-0.6872638900944115,-1.028510121186434,1.9069784413680564,0.21799754067693908,-0.17076158738298683,-0.17586311452816475,-0.1488170274736692,-0.23930884326944624,0.0,1.0,0.0,0.0,1.0,0.0,0.0,0.0,1.0,0.0,1.0,0.0,0.0,0.0
0.03835481706052782,0.30012511692539545,0.7548807213040647,-1.1595195548016826,1.7540481750224197,-0.17076158738298683,-0.17586311452816475,-0.1488170274736692,-0.23930884326944624,1.0,0.0,0.0,0.0,0.0,0.0,1.0,0.0,0.0,1.0,0.0,0.0,0.0,1.0
-1.0901231630040369,-0.4897860886904501,-0.918913537176044,1.9069784413680564,0.05458789872529224,-0.17076158738298683,-0.17586311452816475,-0.1488170274736692,-0.23930884326944624,1.0,0.0,0.0,0.0,1.0,0.0,0.0,0.0,1.0,0.0,0.0,0.0,0.0,1.0
0.5219882370881984,-0.09483048588252734,0.21472612868142807,-1.1595195548016826,-0.42474705099953874,-0.17076158738298683,-0.17586311452816475,-0.1488170274736692,-0.23930884326944624,1.0,0.0,0.0,0.0,0.0,0.0,1.0,0.0,0.0,1.0,1.0,0.0,0.0,0.0
0.19956595706975133,-1.1809583936043149,-0.09424816954429202,1.1403539423256217,-0.10882174322635461,-0.17076158738298683,5.686240703077327,-0.1488170274736692,-0.23930884326944624,0.0,1.0,0.0,0.0,0.0,1.0,0.0,0.0,1.0,0.0,1.0,0.0,0.0,0.0
-1.0095175929994251,0.4976029183293568,-1.2442783959568895,-0.3928950557592478,0.5230288723200129,-0.17076158738298683,-0.17586311452816475,6.719661163618754,-0.23930884326944624,0.0,0.0,0.0,1.0,1.0,0.0,0.0,0.0,1.0,0.0,0.0,1.0,0.0,0.0
0.4413826670835866,0.1520167658724244,-1.4825531120866213,0.373729443283187,0.31604332584792705,-0.17076158738298683,-0.17586311452816475,-0.1488170274736692,-0.23930884326944624,0.0,1.0,0.0,0.0,1.0,0.0,0.0,0.0,1.0,0.0,0.0,0.0,0.0,1.0
-0.5258841729717545,-0.7860027907963922,-0.17962586557024307,-0.3928950557592478,0.3051493497178171,-0.17076158738298683,-0.17586311452816475,-0.1488170274736692,-0.23930884326944624,0.0,0.0,1.0,0.0,0.0,0.0,1.0,0.0,0.0,1.0,0.0,0.0,1.0,0.0
1.5698606471481513,0.20138621622341474,1.3023743708916828,-0.3928950557592478,2.571096384780654,-0.17076158738298683,-0.17586311452816475,-0.1488170274736692,-0.23930884326944624,1.0,0.0,0.0,0.0,0.0,1.0,0.0,0.0,1.0,0.0,0.0,1.0,0.0,0.0
-0.1228563229486957,-1.2796972943062956,1.3894645135427963,-0.3928950557592478,-0.11971571935646455,-0.17076158738298683,-0.17586311452816475,-0.1488170274736692,-0.23930884326944624,0.0,0.0,0.0,1.0,0.0,1.0,0.0,1.0,0.0,0.0,1.0,0.0,0.0,0.0
0.4413826670835866,1.6824697267531252,-0.774578750198075,0.373729443283187,-0.2831253613081114,-0.17076158738298683,-0.17586311452816475,-0.1488170274736692,-0.23930884326944624,0.0,0.0,0.0,1.0,1.0,0.0,0.0,0.0,1.0,0.0,0.0,0.0,0.0,1.0
0.6025938070928101,0.4976029183293568,0.1648205413195542,-0.3928950557592478,-0.5227928361705267,-0.17076158738298683,-0.17586311452816475,-0.1488170274736692,-0.23930884326944624,0.0,1.0,0.0,0.0,0.0,0.0,1.0,0.0,1.0,0.0,1.0,0.0,0.0,0.0
0.2801715270743631,-0.8847416914983729,-0.5852310805015527,-1.1595195548016826,-1.0130217620254673,-0.17076158738298683,-0.17586311452816475,-0.1488170274736692,-0.23930884326944624,1.0,0.0,0.0,0.0,1.0,0.0,0.0,1.0,0.0,0.0,0.0,0.0,0.0,1.0
1.4892550771435396,0.3988640176273761,0.4843141545284146,-0.3928950557592478,1.1875614162567103,-0.17076158738298683,-0.17586311452816475,6.719661163618754,-0.23930884326944624,0.0,0.0,0.0,1.0,0.0,0.0,1.0,0.0,1.0,0.0,1.0,0.0,0.0,0.0
0.6831993770974218,0.10264731552143405,-1.1664843921280859,-1.1595195548016826,0.9261059891340755,-0.17076158738298683,-0.17586311452816475,-0.1488170274736692,-0.23930884326944624,0.0,1.0,0.0,0.0,1.0,0.0,0.0,1.0,0.0,0.0,0.0,1.0,0.0,0.0
0.5219882370881984,-0.14419993623351768,-0.02110223512664342,-1.1595195548016826,0.39230115875869587,-0.17076158738298683,-0.17586311452816475,-0.1488170274736692,-0.23930884326944624,0.0,0.0,0.0,1.0,0.0,0.0,1.0,0.0,1.0,0.0,0.0,0.0,0.0,1.0
-1.4931510130270955,-0.9341111418493633,-0.09424816954429202,-0.3928950557592478,2.3967927666988973,-0.17076158738298683,5.686240703077327,-0.1488170274736692,-0.23930884326944624,0.0,0.0,1.0,0.0,0.0,1.0,0.0,0.0,1.0,0.0,0.0,1.0,0.0,0.0
0.9250160871112572,-1.0822194929023343,-0.5377718454613392,1.1403539423256217,-0.3920651226092093,-0.17076158738298683,-0.17586311452816475,-0.1488170274736692,-0.23930884326944624,1.0,0.0,0.0,0.0,0.0,0.0,1.0,1.0,0.0,0.0,0.0,1.0,0.0,0.0
1.6504662171527629,-0.6378944397434212,-0.769196775090422,0.373729443283187,0.8934240607437456,-0.17076158738298683,-0.17586311452816475,-0.1488170274736692,-0.23930884326944624,0.0,0.0,1.0,0.0,0.0,0.0,1.0,1.0,0.0,0.0,0.0,1.0,0.0,0.0
0.19956595706975133,0.4482334679783665,1.6296963115298573,-0.3928950557592478,0.7844842994426477,-0.17076158738298683,-0.17586311452816475,-0.1488170274736692,-0.23930884326944624,0.0,1.0,0.0,0.0,0.0,1.0,0.0,1.0,0.0,0.0,0.0,1.0,0.0,0.0
0.6025938070928101,-1.3784361950082764,-1.5172913150542005,0.373729443283187,-0.6317325974716246,-0.17076158738298683,-0.17586311452816475,-0.1488170274736692,-0.23930884326944624,1.0,0.0,0.0,0.0,1.0,0.0,0.0,0.0,1.0,0.0,0.0,1.0,0.0,0.0
-0.687095312980978,2.077425329561048,-0.8249736080242812,1.1403539423256217,-1.0674916426760162,-0.17076158738298683,-0.17586311452816475,-0.1488170274736692,-0.23930884326944624,0.0,0.0,1.0,0.0,1.0,0.0,0.0,1.0,0.0,0.0,1.0,0.0,0.0,0.0
0.6831993770974218,1.3862530246471831,0.3443828017294344,1.9069784413680564,0.21799754067693908,-0.17076158738298683,-0.17586311452816475,-0.1488170274736692,-0.23930884326944624,1.0,0.0,0.0,0.0,0.0,0.0,1.0,0.0,1.0,0.0,1.0,0.0,0.0,0.0
-0.042250752944083945,-0.5885249893924308,-0.17766878371291472,1.9069784413680564,1.1004096072158323,-0.17076158738298683,-0.17586311452816475,-0.1488170274736692,-0.23930884326944624,0.0,0.0,0.0,1.0,0.0,0.0,1.0,0.0,1.0,0.0,0.0,0.0,1.0,0.0
-1.0901231630040369,1.5343613757001542,-0.06856147016685692,0.373729443283187,0.021905970334962794,-0.17076158738298683,-0.17586311452816475,-0.1488170274736692,-0.23930884326944624,1.0,0.0,0.0,0.0,1.0,0.0,0.0,1.0,0.0,0.0,0.0,0.0,1.0,0.0
-1.1707287330086487,0.6457112693823278,-1.063737594618345,-1.1595195548016826,-0.8822940484641498,-0.17076158738298683,-0.17586311452816475,-0.1488170274736692,-0.23930884326944624,0.0,1.0,0.0,0.0,1.0,0.0,0.0,0.0,0.0,1.0,0.0,1.0,0.0,0.0
-1.8155732930455426,1.8799475281570865,-0.844544426597565,-0.3928950557592478,-1.4269928549696393,-0.17076158738298683,-0.17586311452816475,-0.1488170274736692,-0.23930884326944624,1.0,0.0,0.0,0.0,1.0,0.0,0.0,0.0,0.0,1.0,1.0,0.0,0.0,0.0
0.03835481706052782,0.9419279714882699,2.01279508510189,-1.1595195548016826,-0.16329162387690355,-0.17076158738298683,-0.17586311452816475,-0.1488170274736692,-0.23930884326944624,1.0,0.0,0.0,0.0,0.0,1.0,0.0,1.0,0.0,0.0,0.0,0.0,0.0,1.0
-1.331939873017872,-0.5885249893924308,-0.25595205800605053,-0.3928950557592478,0.42498308714902494,-0.17076158738298683,-0.17586311452816475,-0.1488170274736692,-0.23930884326944624,0.0,1.0,0.0,0.0,0.0,0.0,1.0,1.0,0.0,0.0,0.0,1.0,0.0,0.0
0.19956595706975133,-0.7366333404454019,-0.009359743982672959,-1.1595195548016826,0.5448168245802328,-0.17076158738298683,-0.17586311452816475,-0.1488170274736692,-0.23930884326944624,1.0,0.0,0.0,0.0,0.0,0.0,1.0,0.0,0.0,1.0,1.0,0.0,0.0,0.0
0.3607770970789749,2.768597634474913,0.5440051511769305,-1.1595195548016826,-0.021669934185476598,-0.17076158738298683,-0.17586311452816475,-0.1488170274736692,4.178700570935715,0.0,1.0,0.0,0.0,0.0,0.0,1.0,0.0,0.0,1.0,0.0,0.0,1.0,0.0
-1.8155732930455426,1.6824697267531252,1.768159852935841,-0.3928950557592478,0.5121348961899029,-0.17076158738298683,-0.17586311452816475,-0.1488170274736692,-0.23930884326944624,0.0,1.0,0.0,0.0,0.0,1.0,0.0,0.0,1.0,0.0,0.0,0.0,1.0,0.0
0.19956595706975133,-0.8353722411473825,-1.361214036932261,-0.3928950557592478,-0.07613981483602555,-0.17076158738298683,-0.17586311452816475,-0.1488170274736692,-0.23930884326944624,0.0,0.0,1.0,0.0,1.0,0.0,0.0,0.0,1.0,0.0,0.0,1.0,0.0,0.0
-0.687095312980978,-0.9341111418493633,0.1912411463934875,0.373729443283187,-0.9694458575050282,-0.17076158738298683,-0.17586311452816475,-0.1488170274736692,-0.23930884326944624,0.0,0.0,1.0,0.0,0.0,0.0,1.0,0.0,1.0,0.0,0.0,1.0,0.0,0.0
-1.4125454430224837,-0.9834805922003536,-0.585720350965885,-1.1595195548016826,0.326937301978037,-0.17076158738298683,-0.17586311452816475,-0.1488170274736692,-0.23930884326944624,1.0,0.0,0.0,0.0,1.0,0.0,0.0,1.0,0.0,0.0,0.0,0.0,0.0,1.0
-0.28406746295791924,-0.39104718798846944,0.050331252665843,0.373729443283187,1.372759010468577,-0.17076158738298683,-0.17586311452816475,-0.1488170274736692,-0.23930884326944624,0.0,0.0,0.0,1.0,0.0,0.0,1.0,0.0,1.0,0.0,0.0,1.0,0.0,0.0
-1.654362153036319,1.238144673594212,2.614108485766039,1.1403539423256217,1.1004096072158323,-0.17076158738298683,-0.17586311452816475,-0.1488170274736692,-0.23930884326944624,1.0,0.0,0.0,0.0,0.0,1.0,0.0,0.0,1.0,0.0,0.0,1.0,0.0,0.0
1.0862272271204807,0.3988640176273761,-0.04116232416425929,-1.1595195548016826,1.8303060079331877,-0.17076158738298683,-0.17586311452816475,-0.1488170274736692,-0.23930884326944624,0.0,0.0,1.0,0.0,0.0,0.0,1.0,1.0,0.0,0.0,1.0,0.0,0.0,0.0
0.11896038706513958,-0.24293883693549836,-0.016209530483322365,0.373729443283187,-0.021669934185476598,-0.17076158738298683,-0.17586311452816475,-0.1488170274736692,4.178700570935715,1.0,0.0,0.0,0.0,0.0,0.0,1.0,0.0,1.0,0.0,1.0,0.0,0.0,0.0
-0.7677008829855898,1.1887752232432216,-0.5896345146805417,-0.3928950557592478,-1.1655374278470045,-0.17076158738298683,-0.17586311452816475,-0.1488170274736692,-0.23930884326944624,0.0,0.0,1.0,0.0,1.0,0.0,0.0,0.0,0.0,1.0,1.0,0.0,0.0,0.0
-0.28406746295791924,-0.39104718798846944,-0.09424816954429202,0.373729443283187,-1.9716916614751288,-0.17076158738298683,5.686240703077327,-0.1488170274736692,-0.23930884326944624,0.0,0.0,0.0,1.0,1.0,0.0,0.0,0.0,1.0,0.0,0.0,0.0,0.0,1.0
1.1668327971250925,-0.9834805922003536,1.3160739438929816,-0.3928950557592478,1.5797445569406627,-0.17076158738298683,-0.17586311452816475,6.719661163618754,-0.23930884326944624,1.0,0.0,0.0,0.0,0.0,1.0,0.0,0.0,0.0,1.0,1.0,0.0,0.0,0.0
-1.331939873017872,-0.04546103553153699,-0.9145101029970552,-0.3928950557592478,0.07637585098551174,-0.17076158738298683,-0.17586311452816475,-0.1488170274736692,-0.23930884326944624,1.0,0.0,0.0,0.0,1.0,0.0,0.0,1.0,0.0,0.0,0.0,1.0,0.0,0.0
-0.687095312980978,-0.8847416914983729,0.9496103661082401,-0.3928950557592478,0.6210746574910009,-0.17076158738298683,-0.17586311452816475,-0.1488170274736692,-0.23930884326944624,0.0,0.0,1.0,0.0,0.0,0.0,1.0,1.0,0.0,0.0,0.0,0.0,0.0,1.0
0.5219882370881984,0.9419279714882699,-0.7633255295184366,-0.3928950557592478,0.16352766002639013,-0.17076158738298683,-0.17586311452816475,-0.1488170274736692,-0.23930884326944624,0.0,0.0,1.0,0.0,1.0,0.0,0.0,0.0,1.0,0.0,0.0,0.0,0.0,1.0
-1.8155732930455426,3.2129226876338257,-1.0255744984004416,-0.3928950557592478,0.9152120130039655,-0.17076158738298683,-0.17586311452816475,6.719661163618754,-0.23930884326944624,0.0,0.0,1.0,0.0,1.0,0.0,0.0,0.0,1.0,0.0,0.0,0.0,0.0,1.0
-1.5737565830317073,2.521750382719961,1.494657663374198,3.440227439452926,-1.241795260757773,-0.17076158738298683,-0.17586311452816475,-0.1488170274736692,-0.23930884326944624,0.0,0.0,1.0,0.0,0.0,1.0,0.0,0.0,1.0,0.0,0.0,0.0,0.0,1.0
-0.36467303296253095,-0.39104718798846944,0.2793098299732651,-0.3928950557592478,-0.5336868123006366,-0.17076158738298683,-0.17586311452816475,-0.1488170274736692,-0.23930884326944624,1.0,0.0,0.0,0.0,0.0,0.0,1.0,0.0,0.0,1.0,0.0,0.0,0.0,1.0
2.2147052071850455,-0.24293883693549836,-0.12776319635104086,-1.1595195548016826,1.0023638220448434,-0.17076158738298683,-0.17586311452816475,-0.1488170274736692,-0.23930884326944624,0.0,1.0,0.0,0.0,0.0,0.0,1.0,1.0,0.0,0.0,0.0,1.0,0.0,0.0
-0.6064897429763663,-0.34167773763747905,0.5440051511769305,-0.3928950557592478,-1.7756000911331526,-0.17076158738298683,-0.17586311452816475,-0.1488170274736692,-0.23930884326944624,0.0,0.0,0.0,1.0,0.0,1.0,0.0,0.0,1.0,0.0,0.0,1.0,0.0,0.0
1.005621657115869,-1.2303278439553054,1.7520139276128819,0.373729443283187,0.8171662278329775,-0.17076158738298683,-0.17586311452816475,-0.1488170274736692,-0.23930884326944624,0.0,1.0,0.0,0.0,0.0,1.0,0.0,1.0,0.0,0.0,0.0,1.0,0.0,0.0
-0.9289120229948132,-0.39104718798846944,0.2670780683649626,-0.3928950557592478,-0.5118988600404172,-0.17076158738298683,-0.17586311452816475,-0.1488170274736692,-0.23930884326944624,0.0,1.0,0.0,0.0,0.0,0.0,1.0,0.0,1.0,0.0,0.0,0.0,1.0,0.0
0.2801715270743631,0.003908414819453356,0.13008233835197516,-0.3928950557592478,1.0023638220448434,-0.17076158738298683,-0.17586311452816475,-0.1488170274736692,-0.23930884326944624,1.0,0.0,0.0,0.0,0.0,0.0,1.0,1.0,0.0,0.0,1.0,0.0,0.0,0.0
0.8444105171066454,-1.1809583936043149,-0.7320122198011823,-1.1595195548016826,0.283361397457598,-0.17076158738298683,-0.17586311452816475,-0.1488170274736692,-0.23930884326944624,0.0,1.0,0.0,0.0,1.0,0.0,0.0,0.0,1.0,0.0,0.0,0.0,0.0,1.0
-0.36467303296253095,-0.14419993623351768,-0.7285873265508576,0.373729443283187,1.1004096072158323,-0.17076158738298683,-0.17586311452816475,-0.1488170274736692,-0.23930884326944624,0.0,0.0,0.0,1.0,1.0,0.0,0.0,1.0,0.0,0.0,0.0,1.0,0.0,0.0
-0.042250752944083945,0.10264731552143405,0.7690695647696959,-0.3928950557592478,-0.5554747645608562,-0.17076158738298683,-0.17586311452816475,-0.1488170274736692,-0.23930884326944624,1.0,0.0,0.0,0.0,0.0,0.0,1.0,0.0,1.0,0.0,0.0,0.0,0.0,1.0
-1.5737565830317073,-0.14419993623351768,2.3264174527387653,0.373729443283187,1.6233204614611019,-0.17076158738298683,-0.17586311452816475,-0.1488170274736692,-0.23930884326944624,0.0,1.0,0.0,0.0,0.0,1.0,0.0,0.0,1.0,0.0,1.0,0.0,0.0,0.0
-0.6064897429763663,-0.6378944397434212,1.8679710276595887,0.373729443283187,1.1875614162567103,-0.17076158738298683,-0.17586311452816475,-0.1488170274736692,-0.23930884326944624,0.0,0.0,1.0,0.0,0.0,1.0,0.0,0.0,1.0,0.0,0.0,1.0,0.0,0.0
-0.36467303296253095,-0.6872638900944115,-0.04311940602158764,1.1403539423256217,-1.285371165278212,-0.17076158738298683,-0.17586311452816475,-0.1488170274736692,-0.23930884326944624,0.0,0.0,0.0,1.0,0.0,0.0,1.0,0.0,1.0,0.0,0.0,0.0,0.0,1.0
0.03835481706052782,0.5963418190313375,-0.0925357229191295,-1.1595195548016826,-1.0130217620254673,5.8561179673106665,-0.17586311452816475,-0.1488170274736692,-0.23930884326944624,0.0,1.0,0.0,0.0,0.0,0.0,1.0,0.0,1.0,0.0,0.0,1.0,0.0,0.0
-0.9289120229948132,-1.2303278439553054,-0.9932826477545229,0.373729443283187,-1.1982193562373336,-0.17076158738298683,-0.17586311452816475,-0.1488170274736692,-0.23930884326944624,0.0,0.0,0.0,1.0,1.0,0.0,0.0,1.0,0.0,0.0,0.0,1.0,0.0,0.0
0.7638049471020336,0.7444501700843086,0.397713282341633,2.673602940410491,0.2506794690672682,-0.17076158738298683,-0.17586311452816475,-0.1488170274736692,-0.23930884326944624,0.0,1.0,0.0,0.0,0.0,0.0,1.0,0.0,1.0,0.0,0.0,0.0,0.0,1.0
-0.36467303296253095,-0.39104718798846944,-0.06856147016685692,-0.3928950557592478,-0.3049133135683309,-0.17076158738298683,-0.17586311452816475,-0.1488170274736692,-0.23930884326944624,1.0,0.0,0.0,0.0,0.0,0.0,1.0,0.0,1.0,0.0,0.0,1.0,0.0,0.0
-0.1228563229486957,3.2129226876338257,-0.8724328430644946,-1.1595195548016826,-0.3484892180887703,-0.17076158738298683,-0.17586311452816475,-0.1488170274736692,-0.23930884326944624,0.0,0.0,0.0,1.0,1.0,0.0,0.0,0.0,0.0,1.0,1.0,0.0,0.0,0.0
0.03835481706052782,-0.8847416914983729,-1.6332484151009077,-0.3928950557592478,0.7518023710523186,5.8561179673106665,-0.17586311452816475,-0.1488170274736692,-0.23930884326944624,0.0,1.0,0.0,0.0,1.0,0.0,0.0,0.0,1.0,0.0,1.0,0.0,0.0,0.0
-0.1228563229486957,0.6457112693823278,-0.7545186611604587,0.373729443283187,0.7082264665318796,-0.17076158738298683,-0.17586311452816475,-0.1488170274736692,-0.23930884326944624,1.0,0.0,0.0,0.0,1.0,0.0,0.0,0.0,1.0,0.0,1.0,0.0,0.0,0.0
-1.5737565830317073,-0.2923082872864887,-0.7569650134821195,0.373729443283187,-1.5904024969212862,-0.17076158738298683,-0.17586311452816475,-0.1488170274736692,-0.23930884326944624,0.0,0.0,0.0,1.0,1.0,0.0,0.0,0.0,1.0,0.0,1.0,0.0,0.0,0.0
-0.042250752944083945,-1.1809583936043149,-0.8978749072097636,1.9069784413680564,-2.6798001099322653,-0.17076158738298683,-0.17586311452816475,-0.1488170274736692,-0.23930884326944624,0.0,0.0,0.0,1.0,1.0,0.0,0.0,1.0,0.0,0.0,0.0,0.0,0.0,1.0
0.03835481706052782,-1.1315889432533246,-0.9839865089322131,0.373729443283187,0.7409083949222087,-0.17076158738298683,-0.17586311452816475,-0.1488170274736692,-0.23930884326944624,1.0,0.0,0.0,0.0,1.0,0.0,0.0,0.0,1.0,0.0,0.0,0.0,0.0,1.0
0.11896038706513958,-0.9341111418493633,-1.729634696574331,0.373729443283187,0.14173970776617026,-0.17076158738298683,-0.17586311452816475,-0.1488170274736692,-0.23930884326944624,0.0,0.0,0.0,1.0,1.0,0.0,0.0,0.0,1.0,0.0,0.0,1.0,0.0,0.0
0.2801715270743631,1.0406668721902506,0.23576475864770827,-1.1595195548016826,0.3487252542382561,-0.17076158738298683,-0.17586311452816475,-0.1488170274736692,-0.23930884326944624,1.0,0.0,0.0,0.0,0.0,0.0,1.0,0.0,1.0,0.0,0.0,0.0,0.0,1.0
0.2801715270743631,-0.8353722411473825,-0.17522243139125437,-0.3928950557592478,-0.6317325974716246,-0.17076158738298683,-0.17586311452816475,-0.1488170274736692,-0.23930884326944624,0.0,0.0,1.0,0.0,1.0,0.0,0.0,1.0,0.0,0.0,0.0,1.0,0.0,0.0
1.6504662171527629,0.1520167658724244,1.444752076012324,-0.3928950557592478,-0.3811711464790994,-0.17076158738298683,-0.17586311452816475,-0.1488170274736692,-0.23930884326944624,0.0,0.0,1.0,0.0,0.0,1.0,0.0,0.0,1.0,0.0,0.0,0.0,0.0,1.0
0.9250160871112572,1.090036322541241,1.2554044063158016,0.373729443283187,-1.8954338285643604,-0.17076158738298683,-0.17586311452816475,-0.1488170274736692,-0.23930884326944624,0.0,1.0,0.0,0.0,0.0,1.0,0.0,0.0,1.0,0.0,1.0,0.0,0.0,0.0
0.7638049471020336,1.3862530246471831,1.5807692650966474,0.373729443283187,-0.14150367161668406,-0.17076158738298683,-0.17586311452816475,-0.1488170274736692,-0.23930884326944624,0.0,0.0,1.0,0.0,0.0,1.0,0.0,1.0,0.0,0.0,0.0,0.0,0.0,1.0
0.03835481706052782,0.4482334679783665,-1.008450032148818,-1.1595195548016826,-1.6884482820922744,5.8561179673106665,-0.17586311452816475,-0.1488170274736692,-0.23930884326944624,0.0,0.0,1.0,0.0,1.0,0.0,0.0,1.0,0.0,0.0,0.0,0.0,0.0,1.0
-0.9289120229948132,2.6204892834219415,-1.3245187521073536,-0.3928950557592478,-0.21776150452745252,-0.17076158738298683,-0.17586311452816475,-0.1488170274736692,-0.23930884326944624,0.0,0.0,1.0,0.0,1.0,0.0,0.0,1.0,0.0,0.0,1.0,0.0,0.0,0.0
1.328043937134316,-0.14419993623351768,-0.09424816954429202,-1.1595195548016826,0.09816380324573125,-0.17076158738298683,5.686240703077327,-0.1488170274736692,-0.23930884326944624,0.0,0.0,1.0,0.0,1.0,0.0,0.0,1.0,0.0,0.0,0.0,1.0,0.0,0.0
0.4413826670835866,0.1520167658724244,0.7945116289149649,0.373729443283187,0.011011994204852849,-0.17076158738298683,-0.17586311452816475,-0.1488170274736692,-0.23930884326944624,0.0,0.0,1.0,0.0,0.0,0.0,1.0,0.0,1.0,0.0,1.0,0.0,0.0,0.0
0.03835481706052782,-0.19356938658450804,-1.3352827023226597,-1.1595195548016826,-0.5445807884307462,5.8561179673106665,-0.17586311452816475,-0.1488170274736692,-0.23930884326944624,0.0,1.0,0.0,0.0,1.0,0.0,0.0,0.0,1.0,0.0,1.0,0.0,0.0,0.0
0.3607770970789749,-0.39104718798846944,-0.7868105118063775,-0.3928950557592478,-2.4619205873300696,-0.17076158738298683,-0.17586311452816475,-0.1488170274736692,-0.23930884326944624,1.0,0.0,0.0,0.0,1.0,0.0,0.0,1.0,0.0,0.0,1.0,0.0,0.0,0.0
-0.20346189295330747,0.7444501700843086,2.13413416025625,1.1403539423256217,0.31604332584792705,-0.17076158738298683,-0.17586311452816475,-0.1488170274736692,-0.23930884326944624,0.0,1.0,0.0,0.0,0.0,1.0,0.0,0.0,0.0,1.0,1.0,0.0,0.0,0.0
0.6831993770974218,-1.3784361950082764,-0.5641924505352724,-1.1595195548016826,2.0590795066654937,-0.17076158738298683,-0.17586311452816475,-0.1488170274736692,-0.23930884326944624,0.0,0.0,0.0,1.0,0.0,0.0,1.0,0.0,0.0,1.0,0.0,0.0,0.0,1.0
0.6025938070928101,-0.39104718798846944,-1.019213982364124,1.1403539423256217,0.31604332584792705,-0.17076158738298683,-0.17586311452816475,-0.1488170274736692,-0.23930884326944624,0.0,0.0,1.0,0.0,1.0,0.0,0.0,0.0,1.0,0.0,0.0,1.0,0.0,0.0
-0.8483064529902015,-0.19356938658450804,-0.09302499338346183,0.373729443283187,-0.195973552267233,-0.17076158738298683,-0.17586311452816475,-0.1488170274736692,-0.23930884326944624,0.0,0.0,0.0,1.0,0.0,0.0,1.0,0.0,0.0,1.0,1.0,0.0,0.0,0.0
-0.8483064529902015,-1.0822194929023343,0.6193528026840737,-0.3928950557592478,0.9914698459147343,-0.17076158738298683,-0.17586311452816475,-0.1488170274736692,-0.23930884326944624,0.0,1.0,0.0,0.0,0.0,0.0,1.0,0.0,0.0,1.0,0.0,1.0,0.0,0.0
-1.8155732930455426,0.5469723686803472,-0.45117097327455796,-0.3928950557592478,0.3814071826285859,-0.17076158738298683,-0.17586311452816475,-0.1488170274736692,-0.23930884326944624,0.0,0.0,0.0,1.0,1.0,0.0,0.0,0.0,1.0,0.0,0.0,1.0,0.0,0.0
-0.28406746295791924,-0.2923082872864887,-0.5592997458919517,1.9069784413680564,1.1004096072158323,-0.17076158738298683,-0.17586311452816475,-0.1488170274736692,-0.23930884326944624,0.0,0.0,1.0,0.0,1.0,0.0,0.0,0.0,0.0,1.0,0.0,0.0,0.0,1.0
-0.28406746295791924,0.5469723686803472,-0.6282868813627774,-1.1595195548016826,0.9914698459147343,-0.17076158738298683,-0.17586311452816475,-0.1488170274736692,-0.23930884326944624,0.0,0.0,1.0,0.0,1.0,0.0,0.0,0.0,0.0,1.0,0.0,0.0,0.0,1.0
0.2801715270743631,1.5837308260511445,0.31453730340517644,0.373729443283187,0.5883927291006718,-0.17076158738298683,-0.17586311452816475,-0.1488170274736692,-0.23930884326944624,1.0,0.0,0.0,0.0,0.0,0.0,1.0,1.0,0.0,0.0,1.0,0.0,0.0,0.0
0.8444105171066454,-0.6872638900944115,2.5911127739424304,1.1403539423256217,1.2747132252975883,-0.17076158738298683,-0.17586311452816475,-0.1488170274736692,-0.23930884326944624,1.0,0.0,0.0,0.0,0.0,1.0,0.0,0.0,1.0,0.0,0.0,0.0,0.0,1.0
-1.5737565830317073,1.4356224749981734,-0.09449280477645819,-0.3928950557592478,0.21799754067693908,-0.17076158738298683,-0.17586311452816475,-0.1488170274736692,-0.23930884326944624,0.0,1.0,0.0,0.0,0.0,0.0,1.0,0.0,1.0,0.0,1.0,0.0,0.0,0.0
0.03835481706052782,0.9419279714882699,0.17313813921319995,-1.1595195548016826,1.9719276976246154,-0.17076158738298683,-0.17586311452816475,-0.1488170274736692,-0.23930884326944624,0.0,1.0,0.0,0.0,0.0,0.0,1.0,1.0,0.0,0.0,1.0,0.0,0.0,0.0
-1.331939873017872,3.2129226876338257,0.551344208141912,0.373729443283187,-1.1982193562373336,-0.17076158738298683,-0.17586311452816475,-0.1488170274736692,-0.23930884326944624,0.0,1.0,0.0,0.0,0.0,0.0,1.0,0.0,1.0,0.0,0.0,1.0,0.0,0.0
-1.2513343030132602,-0.09483048588252734,-1.0363384486157476,-0.3928950557592478,0.16352766002639013,-0.17076158738298683,-0.17586311452816475,-0.1488170274736692,-0.23930884326944624,0.0,0.0,0.0,1.0,1.0,0.0,0.0,1.0,0.0,0.0,0.0,1.0,0.0,0.0
0.9250160871112572,0.4976029183293568,0.24359308607702204,1.1403539423256217,1.2747132252975883,-0.17076158738298683,-0.17586311452816475,-0.1488170274736692,-0.23930884326944624,0.0,0.0,0.0,1.0,0.0,0.0,1.0,0.0,0.0,1.0,0.0,0.0,1.0,0.0
-1.8155732930455426,-0.09483048588252734,-0.5446216319619885,1.1403539423256217,1.1984553923868202,-0.17076158738298683,-0.17586311452816475,-0.1488170274736692,-0.23930884326944624,0.0,1.0,0.0,0.0,0.0,0.0,1.0,0.0,1.0,0.0,0.0,1.0,0.0,0.0
-0.9289120229948132,1.5343613757001542,0.3399793675504454,0.373729443283187,1.557956604680443,-0.17076158738298683,-0.17586311452816475,-0.1488170274736692,-0.23930884326944624,0.0,0.0,1.0,0.0,0.0,0.0,1.0,1.0,0.0,0.0,0.0,0.0,0.0,1.0
-1.4125454430224837,0.4482334679783665,-1.3450681116093017,-0.3928950557592478,0.31604332584792705,-0.17076158738298683,-0.17586311452816475,-0.1488170274736692,-0.23930884326944624,0.0,0.0,0.0,1.0,1.0,0.0,0.0,0.0,0.0,1.0,0.0,0.0,0.0,1.0
-1.4931510130270955,3.2129226876338257,0.23087205400438757,-0.3928950557592478,1.1548794878663813,-0.17076158738298683,-0.17586311452816475,-0.1488170274736692,-0.23930884326944624,1.0,0.0,0.0,0.0,0.0,0.0,1.0,0.0,1.0,0.0,0.0,1.0,0.0,0.0
0.11896038706513958,0.0532778651704437,-0.28481901540164417,-0.3928950557592478,0.326937301978037,-0.17076158738298683,-0.17586311452816475,-0.1488170274736692,-0.23930884326944624,0.0,0.0,0.0,1.0,0.0,0.0,1.0,0.0,1.0,0.0,0.0,1.0,0.0,0.0
1.97288849717121,0.6950807197333182,-0.3254284639412086,-0.3928950557592478,0.6537565858813307,-0.17076158738298683,-0.17586311452816475,-0.1488170274736692,-0.23930884326944624,0.0,0.0,1.0,0.0,0.0,0.0,1.0,1.0,0.0,0.0,1.0,0.0,0.0,0.0
0.5219882370881984,-1.0822194929023343,-0.11895632799306312,0.373729443283187,1.2311373207771492,-0.17076158738298683,-0.17586311452816475,-0.1488170274736692,-0.23930884326944624,1.0,0.0,0.0,0.0,0.0,0.0,1.0,1.0,0.0,0.0,0.0,0.0,0.0,1.0
-1.331939873017872,0.3494945672763858,0.0630522847384778,0.373729443283187,-0.5990506690812951,-0.17076158738298683,-0.17586311452816475,-0.1488170274736692,-0.23930884326944624,1.0,0.0,0.0,0.0,0.0,0.0,1.0,0.0,1.0,0.0,0.0,0.0,0.0,1.0
0.11896038706513958,3.2129226876338257,2.2916792497711866,-0.3928950557592478,-0.021669934185476598,-0.17076158738298683,-0.17586311452816475,-0.1488170274736692,4.178700570935715,0.0,1.0,0.0,0.0,0.0,1.0,0.0,0.0,1.0,0.0,0.0,1.0,0.0,0.0
-0.5258841729717545,-0.34167773763747905,0.5660223220718748,2.673602940410491,-0.1306096954865745,-0.17076158738298683,-0.17586311452816475,-0.1488170274736692,-0.23930884326944624,1.0,0.0,0.0,0.0,0.0,0.0,1.0,0.0,1.0,0.0,0.0,0.0,0.0,1.0
1.2474383671297042,-0.19356938658450804,-0.9771367224315636,0.373729443283187,0.42498308714902494,-0.17076158738298683,-0.17586311452816475,-0.1488170274736692,-0.23930884326944624,1.0,0.0,0.0,0.0,1.0,0.0,0.0,0.0,0.0,1.0,0.0,1.0,0.0,0.0
0.19956595706975133,-0.5885249893924308,-0.48003793067015155,0.373729443283187,-1.1764314039771142,-0.17076158738298683,-0.17586311452816475,-0.1488170274736692,-0.23930884326944624,0.0,1.0,0.0,0.0,1.0,0.0,0.0,1.0,0.0,0.0,0.0,1.0,0.0,0.0
0.6831993770974218,-0.39104718798846944,2.221224302907364,-0.3928950557592478,0.566604776840452,-0.17076158738298683,-0.17586311452816475,-0.1488170274736692,-0.23930884326944624,0.0,0.0,0.0,1.0,0.0,1.0,0.0,0.0,1.0,0.0,0.0,0.0,0.0,1.0
0.03835481706052782,0.9912974218392603,1.406099709330088,-1.1595195548016826,0.272467421327488,-0.17076158738298683,-0.17586311452816475,-0.1488170274736692,-0.23930884326944624,0.0,1.0,0.0,0.0,0.0,1.0,0.0,0.0,1.0,0.0,0.0,0.0,0.0,1.0
0.6025938070928101,0.9912974218392603,-0.11553143474273841,-0.3928950557592478,-2.3202988976386423,-0.17076158738298683,-0.17586311452816475,-0.1488170274736692,-0.23930884326944624,1.0,0.0,0.0,0.0,0.0,0.0,1.0,0.0,1.0,0.0,0.0,0.0,0.0,1.0
-0.28406746295791924,-0.8847416914983729,-0.1502696377103171,1.9069784413680564,1.8411999840632975,-0.17076158738298683,-0.17586311452816475,-0.1488170274736692,-0.23930884326944624,0.0,0.0,1.0,0.0,1.0,0.0,0.0,1.0,0.0,0.0,0.0,1.0,0.0,0.0
0.7638049471020336,0.5963418190313375,-0.36114520783745163,-1.1595195548016826,-0.664414525861954,-0.17076158738298683,-0.17586311452816475,-0.1488170274736692,-0.23930884326944624,1.0,0.0,0.0,0.0,0.0,0.0,1.0,1.0,0.0,0.0,0.0,1.0,0.0,0.0
0.03835481706052782,-0.8353722411473825,-1.2550423461721956,-0.3928950557592478,-1.7647061150030425,-0.17076158738298683,-0.17586311452816475,-0.1488170274736692,-0.23930884326944624,1.0,0.0,0.0,0.0,1.0,0.0,0.0,0.0,1.0,0.0,0.0,1.0,0.0,0.0
1.2474383671297042,-0.9341111418493633,-0.49960874924343546,0.373729443283187,-0.9585518813749183,-0.17076158738298683,-0.17586311452816475,-0.1488170274736692,-0.23930884326944624,0.0,1.0,0.0,0.0,0.0,0.0,1.0,0.0,0.0,1.0,0.0,1.0,0.0,0.0
-1.8155732930455426,-0.7860027907963922,0.5953785499318007,0.373729443283187,0.3487252542382561,-0.17076158738298683,-0.17586311452816475,-0.1488170274736692,-0.23930884326944624,0.0,0.0,0.0,1.0,0.0,0.0,1.0,1.0,0.0,0.0,0.0,1.0,0.0,0.0
0.8444105171066454,-0.44041663833945977,-0.6038233581461725,-0.3928950557592478,-0.4138530748694288,-0.17076158738298683,-0.17586311452816475,-0.1488170274736692,-0.23930884326944624,0.0,0.0,1.0,0.0,1.0,0.0,0.0,0.0,1.0,0.0,0.0,1.0,0.0,0.0
-1.0095175929994251,0.0532778651704437,-0.09424816954429202,0.373729443283187,0.6101806813608917,-0.17076158738298683,5.686240703077327,-0.1488170274736692,-0.23930884326944624,0.0,0.0,0.0,1.0,0.0,1.0,0.0,1.0,0.0,0.0,0.0,1.0,0.0,0.0
-0.5258841729717545,0.7938196204352989,-0.7633255295184366,-1.1595195548016826,-0.0434578864456961,-0.17076158738298683,-0.17586311452816475,-0.1488170274736692,-0.23930884326944624,1.0,0.0,0.0,0.0,1.0,0.0,0.0,0.0,1.0,0.0,0.0,0.0,0.0,1.0
0.7638049471020336,-1.0822194929023343,0.34682915405109477,0.373729443283187,1.9610337214945055,-0.17076158738298683,-0.17586311452816475,-0.1488170274736692,-0.23930884326944624,1.0,0.0,0.0,0.0,0.0,0.0,1.0,0.0,1.0,0.0,0.0,0.0,0.0,1.0
0.8444105171066454,-0.24293883693549836,1.7432070592549038,1.1403539423256217,1.503486724029894,-0.17076158738298683,-0.17586311452816475,-0.1488170274736692,-0.23930884326944624,0.0,0.0,1.0,0.0,0.0,1.0,0.0,0.0,1.0,0.0,1.0,0.0,0.0,0.0
-0.7677008829855898,-0.7366333404454019,-0.3210250297622196,-0.3928950557592478,-0.09792776709624505,-0.17076158738298683,-0.17586311452816475,-0.1488170274736692,-0.23930884326944624,0.0,0.0,1.0,0.0,0.0,0.0,1.0,0.0,1.0,0.0,0.0,0.0,0.0,1.0
-1.8155732930455426,1.3368835742961926,-0.7413083586234923,-1.1595195548016826,-1.9281157569546894,-0.17076158738298683,-0.17586311452816475,-0.1488170274736692,-0.23930884326944624,0.0,1.0,0.0,0.0,1.0,0.0,0.0,0.0,1.0,0.0,0.0,1.0,0.0,0.0
0.4413826670835866,0.5963418190313375,0.5552583718565687,-1.1595195548016826,-0.6862024781221736,-0.17076158738298683,-0.17586311452816475,-0.1488170274736692,-0.23930884326944624,0.0,1.0,0.0,0.0,0.0,0.0,1.0,0.0,1.0,0.0,0.0,1.0,0.0,0.0
-0.042250752944083945,-0.7366333404454019,0.24506089747001839,0.373729443283187,0.7626963471824286,-0.17076158738298683,-0.17586311452816475,-0.1488170274736692,-0.23930884326944624,0.0,0.0,0.0,1.0,0.0,0.0,1.0,0.0,1.0,0.0,1.0,0.0,0.0,0.0
-0.7677008829855898,-1.2303278439553054,-0.6317117746131021,1.9069784413680564,-2.026161542125678,-0.17076158738298683,-0.17586311452816475,-0.1488170274736692,-0.23930884326944624,1.0,0.0,0.0,0.0,1.0,0.0,0.0,0.0,1.0,0.0,0.0,0.0,0.0,1.0
-0.042250752944083945,-1.1809583936043149,0.39869182327029734,0.373729443283187,0.370513206498476,-0.17076158738298683,-0.17586311452816475,-0.1488170274736692,-0.23930884326944624,1.0,0.0,0.0,0.0,0.0,0.0,1.0,0.0,1.0,0.0,1.0,0.0,0.0,0.0
-0.4452786029671427,-0.44041663833945977,0.2607175523286456,1.1403539423256217,-0.8714000723340399,-0.17076158738298683,-0.17586311452816475,-0.1488170274736692,-0.23930884326944624,1.0,0.0,0.0,0.0,0.0,0.0,1.0,0.0,1.0,0.0,0.0,1.0,0.0,0.0
-1.0095175929994251,-0.4897860886904501,-0.78044999577006,0.373729443283187,-2.0370555182557872,-0.17076158738298683,-0.17586311452816475,-0.1488170274736692,-0.23930884326944624,0.0,0.0,0.0,1.0,1.0,0.0,0.0,0.0,1.0,0.0,0.0,0.0,1.0,0.0
-0.20346189295330747,-1.1809583936043149,-1.0074714912201537,0.373729443283187,-0.09792776709624505,-0.17076158738298683,-0.17586311452816475,-0.1488170274736692,-0.23930884326944624,0.0,0.0,0.0,1.0,1.0,0.0,0.0,1.0,0.0,0.0,0.0,0.0,0.0,1.0
-0.042250752944083945,-0.34167773763747905,0.1716703278202036,0.373729443283187,0.44677103940924484,-0.17076158738298683,-0.17586311452816475,-0.1488170274736692,-0.23930884326944624,1.0,0.0,0.0,0.0,0.0,0.0,1.0,0.0,1.0,0.0,0.0,1.0,0.0,0.0
1.1668327971250925,0.1520167658724244,-0.8915143911734466,1.9069784413680564,-0.3920651226092093,-0.17076158738298683,-0.17586311452816475,-0.1488170274736692,-0.23930884326944624,0.0,0.0,0.0,1.0,1.0,0.0,0.0,0.0,1.0,0.0,0.0,0.0,0.0,1.0
0.03835481706052782,-0.5885249893924308,-0.4824842829918123,-1.1595195548016826,1.9610337214945055,-0.17076158738298683,-0.17586311452816475,-0.1488170274736692,-0.23930884326944624,0.0,1.0,0.0,0.0,1.0,0.0,0.0,0.0,1.0,0.0,0.0,1.0,0.0,0.0
1.2474383671297042,0.5963418190313375,-0.6586216501513674,1.1403539423256217,-0.33759524195866036,-0.17076158738298683,-0.17586311452816475,-0.1488170274736692,-0.23930884326944624,0.0,0.0,1.0,0.0,1.0,0.0,0.0,0.0,1.0,0.0,0.0,0.0,0.0,1.0
1.4086495071389278,-0.8847416914983729,-0.03626961952093823,-1.1595195548016826,0.043693922595182295,-0.17076158738298683,-0.17586311452816475,-0.1488170274736692,-0.23930884326944624,1.0,0.0,0.0,0.0,0.0,0.0,1.0,0.0,1.0,0.0,0.0,1.0,0.0,0.0
-1.8155732930455426,0.7938196204352989,1.676177005641406,-0.3928950557592478,0.457665015539354,-0.17076158738298683,-0.17586311452816475,-0.1488170274736692,-0.23930884326944624,0.0,0.0,1.0,0.0,0.0,1.0,0.0,0.0,1.0,0.0,0.0,1.0,0.0,0.0
0.8444105171066454,1.5837308260511445,-1.1361496233394957,0.373729443283187,-0.762460311032942,-0.17076158738298683,-0.17586311452816475,-0.1488170274736692,-0.23930884326944624,1.0,0.0,0.0,0.0,1.0,0.0,0.0,0.0,0.0,1.0,0.0,1.0,0.0,0.0
0.9250160871112572,-0.14419993623351768,-1.3891024533991907,-1.1595195548016826,-0.010775958055366654,-0.17076158738298683,-0.17586311452816475,-0.1488170274736692,-0.23930884326944624,1.0,0.0,0.0,0.0,1.0,0.0,0.0,0.0,0.0,1.0,0.0,0.0,1.0,0.0
-0.6064897429763663,1.3368835742961926,1.386039620292472,1.1403539423256217,1.4816987717696748,-0.17076158738298683,-0.17586311452816475,-0.1488170274736692,-0.23930884326944624,0.0,0.0,1.0,0.0,0.0,1.0,0.0,0.0,1.0,0.0,0.0,1.0,0.0,0.0
0.2801715270743631,-0.14419993623351768,0.3889064139836552,-0.3928950557592478,1.8303060079331877,-0.17076158738298683,-0.17586311452816475,6.719661163618754,-0.23930884326944624,0.0,1.0,0.0,0.0,0.0,0.0,1.0,0.0,1.0,0.0,0.0,0.0,0.0,1.0
0.3607770970789749,0.003908414819453356,1.8361684474780027,-0.3928950557592478,-2.167783231817105,-0.17076158738298683,-0.17586311452816475,-0.1488170274736692,-0.23930884326944624,0.0,0.0,0.0,1.0,0.0,1.0,0.0,1.0,0.0,0.0,1.0,0.0,0.0,0.0
1.328043937134316,0.6457112693823278,0.1980909328941369,-1.1595195548016826,-1.7429181627428234,-0.17076158738298683,-0.17586311452816475,-0.1488170274736692,-0.23930884326944624,0.0,0.0,0.0,1.0,0.0,0.0,1.0,1.0,0.0,0.0,0.0,1.0,0.0,0.0
-1.1707287330086487,-0.9341111418493633,0.014125238305267964,-0.3928950557592478,0.326937301978037,-0.17076158738298683,-0.17586311452816475,-0.1488170274736692,-0.23930884326944624,0.0,0.0,0.0,1.0,0.0,0.0,1.0,0.0,0.0,1.0,0.0,1.0,0.0,0.0
0.11896038706513958,-0.4897860886904501,-0.09424816954429202,-1.1595195548016826,-1.230901284627663,-0.17076158738298683,5.686240703077327,-0.1488170274736692,-0.23930884326944624,1.0,0.0,0.0,0.0,1.0,0.0,0.0,1.0,0.0,0.0,0.0,1.0,0.0,0.0
0.03835481706052782,-1.1315889432533246,-0.2828619335443158,1.1403539423256217,-0.664414525861954,5.8561179673106665,-0.17586311452816475,-0.1488170274736692,-0.23930884326944624,0.0,0.0,1.0,0.0,0.0,0.0,1.0,0.0,0.0,1.0,0.0,1.0,0.0,0.0
1.4086495071389278,-0.2923082872864887,0.1917304168578195,-0.3928950557592478,1.1548794878663813,-0.17076158738298683,-0.17586311452816475,-0.1488170274736692,-0.23930884326944624,0.0,1.0,0.0,0.0,0.0,0.0,1.0,1.0,0.0,0.0,1.0,0.0,0.0,0.0
-1.1707287330086487,-1.329066744657286,-0.44921389141722956,-0.3928950557592478,0.0654818748554018,-0.17076158738298683,-0.17586311452816475,-0.1488170274736692,-0.23930884326944624,0.0,0.0,1.0,0.0,0.0,0.0,1.0,1.0,0.0,0.0,0.0,0.0,0.0,1.0
1.005621657115869,-0.04546103553153699,-1.618570301170945,-0.3928950557592478,0.29425537358770715,-0.17076158738298683,-0.17586311452816475,-0.1488170274736692,-0.23930884326944624,1.0,0.0,0.0,0.0,1.0,0.0,0.0,0.0,1.0,0.0,0.0,1.0,0.0,0.0
-0.20346189295330747,-0.9341111418493633,0.40309525744928604,-0.3928950557592478,-0.20686752839734296,-0.17076158738298683,-0.17586311452816475,-0.1488170274736692,-0.23930884326944624,1.0,0.0,0.0,0.0,0.0,0.0,1.0,1.0,0.0,0.0,0.0,0.0,1.0,0.0
0.03835481706052782,-0.9341111418493633,-1.1542526305197833,2.673602940410491,1.1984553923868202,-0.17076158738298683,-0.17586311452816475,-0.1488170274736692,-0.23930884326944624,1.0,0.0,0.0,0.0,1.0,0.0,0.0,1.0,0.0,0.0,0.0,0.0,0.0,1.0
1.8922829271665982,0.8431890707862892,0.21864029239608512,-0.3928950557592478,-0.42474705099953874,-0.17076158738298683,-0.17586311452816475,-0.1488170274736692,-0.23930884326944624,0.0,0.0,0.0,1.0,0.0,0.0,1.0,1.0,0.0,0.0,1.0,0.0,0.0,0.0
0.8444105171066454,-0.7366333404454019,0.10904370838569495,-1.1595195548016826,0.39230115875869587,-0.17076158738298683,-0.17586311452816475,-0.1488170274736692,-0.23930884326944624,0.0,0.0,0.0,1.0,0.0,0.0,1.0,1.0,0.0,0.0,0.0,0.0,0.0,1.0
0.03835481706052782,0.1520167658724244,0.3830351684116702,1.1403539423256217,-0.21776150452745252,-0.17076158738298683,-0.17586311452816475,-0.1488170274736692,-0.23930884326944624,0.0,0.0,0.0,1.0,0.0,0.0,1.0,0.0,1.0,0.0,0.0,1.0,0.0,0.0
0.9250160871112572,0.1520167658724244,1.988820832349617,0.373729443283187,-1.1219615233265652,-0.17076158738298683,-0.17586311452816475,-0.1488170274736692,-0.23930884326944624,1.0,0.0,0.0,0.0,0.0,1.0,0.0,0.0,1.0,0.0,0.0,1.0,0.0,0.0
1.1668327971250925,-0.5885249893924308,-0.6312225041487701,-0.3928950557592478,0.49034694392968387,-0.17076158738298683,-0.17586311452816475,-0.1488170274736692,-0.23930884326944624,0.0,0.0,1.0,0.0,1.0,0.0,0.0,0.0,1.0,0.0,0.0,0.0,0.0,1.0
0.3607770970789749,-1.0328500425513438,2.1732757974028187,1.1403539423256217,-0.31580728969844085,-0.17076158738298683,-0.17586311452816475,-0.1488170274736692,-0.23930884326944624,0.0,1.0,0.0,0.0,0.0,1.0,0.0,0.0,1.0,0.0,1.0,0.0,0.0,0.0
-1.4931510130270955,3.2129226876338257,2.4516706916077826,1.1403539423256217,1.2311373207771492,-0.17076158738298683,-0.17586311452816475,-0.1488170274736692,-0.23930884326944624,0.0,0.0,0.0,1.0,0.0,1.0,0.0,0.0,1.0,0.0,0.0,1.0,0.0,0.0
1.1668327971250925,0.9419279714882699,-1.142510139375813,0.373729443283187,-0.9694458575050282,-0.17076158738298683,-0.17586311452816475,-0.1488170274736692,-0.23930884326944624,1.0,0.0,0.0,0.0,1.0,0.0,0.0,0.0,1.0,0.0,0.0,1.0,0.0,0.0
-0.042250752944083945,0.6457112693823278,-0.34059584833550344,0.373729443283187,0.457665015539354,-0.17076158738298683,-0.17586311452816475,-0.1488170274736692,-0.23930884326944624,1.0,0.0,0.0,0.0,1.0,0.0,0.0,0.0,1.0,0.0,1.0,0.0,0.0,0.0
0.9250160871112572,-0.6378944397434212,-1.5241411015548496,1.9069784413680564,0.10905777937584119,-0.17076158738298683,-0.17586311452816475,-0.1488170274736692,-0.23930884326944624,0.0,0.0,0.0,1.0,1.0,0.0,0.0,0.0,1.0,0.0,0.0,0.0,0.0,1.0
0.11896038706513958,0.20138621622341474,0.14476045228193798,-1.1595195548016826,-0.8496121200738204,-0.17076158738298683,-0.17586311452816475,-0.1488170274736692,-0.23930884326944624,1.0,0.0,0.0,0.0,0.0,0.0,1.0,0.0,0.0,1.0,0.0,1.0,0.0,0.0
-0.042250752944083945,-0.5391555390414404,-0.13754860563768262,-0.3928950557592478,-0.29401933743822134,-0.17076158738298683,-0.17586311452816475,-0.1488170274736692,-0.23930884326944624,0.0,1.0,0.0,0.0,0.0,0.0,1.0,0.0,1.0,0.0,1.0,0.0,0.0,0.0
-0.4452786029671427,-0.7860027907963922,-1.335771972786992,-1.1595195548016826,-1.1219615233265652,-0.17076158738298683,-0.17586311452816475,-0.1488170274736692,-0.23930884326944624,1.0,0.0,0.0,0.0,1.0,0.0,0.0,0.0,0.0,1.0,0.0,1.0,0.0,0.0
0.6025938070928101,-1.2796972943062956,-0.4697632509191775,-1.1595195548016826,0.03279994646507235,-0.17076158738298683,-0.17586311452816475,-0.1488170274736692,-0.23930884326944624,1.0,0.0,0.0,0.0,1.0,0.0,0.0,0.0,1.0,0.0,1.0,0.0,0.0,0.0
2.295310777189657,-0.44041663833945977,1.563155528380692,-0.3928950557592478,0.10905777937584119,-0.17076158738298683,-0.17586311452816475,-0.1488170274736692,-0.23930884326944624,0.0,0.0,0.0,1.0,0.0,1.0,0.0,0.0,1.0,0.0,0.0,1.0,0.0,0.0
0.7638049471020336,-1.2303278439553054,2.063679213392428,-1.1595195548016826,-0.21776150452745252,-0.17076158738298683,-0.17586311452816475,-0.1488170274736692,-0.23930884326944624,0.0,0.0,1.0,0.0,0.0,1.0,0.0,0.0,1.0,0.0,1.0,0.0,0.0,0.0
-0.5258841729717545,0.30012511692539545,2.22269211430036,-0.3928950557592478,0.6428626097512208,-0.17076158738298683,-0.17586311452816475,-0.1488170274736692,-0.23930884326944624,1.0,0.0,0.0,0.0,0.0,1.0,0.0,0.0,1.0,0.0,0.0,1.0,0.0,0.0
-0.042250752944083945,0.10264731552143405,-0.581806187251228,1.1403539423256217,0.07637585098551174,-0.17076158738298683,-0.17586311452816475,-0.1488170274736692,-0.23930884326944624,0.0,0.0,1.0,0.0,1.0,0.0,0.0,0.0,1.0,0.0,1.0,0.0,0.0,0.0
0.8444105171066454,-0.8353722411473825,-1.619548842099609,-1.1595195548016826,-0.5336868123006366,-0.17076158738298683,-0.17586311452816475,-0.1488170274736692,-0.23930884326944624,1.0,0.0,0.0,0.0,1.0,0.0,0.0,0.0,1.0,0.0,0.0,0.0,0.0,1.0
-0.28406746295791924,-1.0328500425513438,-1.1244071321955253,0.373729443283187,-0.7951422394232714,-0.17076158738298683,-0.17586311452816475,-0.1488170274736692,-0.23930884326944624,1.0,0.0,0.0,0.0,1.0,0.0,0.0,0.0,1.0,0.0,1.0,0.0,0.0,0.0
2.1340996371804337,-0.44041663833945977,0.08262310331176168,0.373729443283187,0.40319513488880504,-0.17076158738298683,-0.17586311452816475,-0.1488170274736692,-0.23930884326944624,0.0,0.0,0.0,1.0,0.0,0.0,1.0,0.0,1.0,0.0,0.0,0.0,1.0,0.0
0.2801715270743631,-1.3784361950082764,-0.616544390218807,1.1403539423256217,-0.3811711464790994,-0.17076158738298683,-0.17586311452816475,-0.1488170274736692,-0.23930884326944624,0.0,0.0,1.0,0.0,0.0,0.0,1.0,0.0,1.0,0.0,1.0,0.0,0.0,0.0
-0.36467303296253095,-0.6378944397434212,-0.3782696740890752,2.673602940410491,-1.0021277858953577,-0.17076158738298683,-0.17586311452816475,-0.1488170274736692,-0.23930884326944624,1.0,0.0,0.0,0.0,0.0,0.0,1.0,0.0,1.0,0.0,0.0,1.0,0.0,0.0
0.6025938070928101,-0.09483048588252734,0.6526231942586563,-0.3928950557592478,0.3051493497178171,-0.17076158738298683,-0.17586311452816475,6.719661163618754,-0.23930884326944624,0.0,0.0,1.0,0.0,0.0,0.0,1.0,0.0,1.0,0.0,0.0,1.0,0.0,0.0
0.8444105171066454,0.003908414819453356,-0.5563641231059591,-0.3928950557592478,0.566604776840452,-0.17076158738298683,-0.17586311452816475,-0.1488170274736692,-0.23930884326944624,1.0,0.0,0.0,0.0,1.0,0.0,0.0,0.0,1.0,0.0,0.0,0.0,0.0,1.0
0.03835481706052782,1.6824697267531252,0.4485974106321712,0.373729443283187,0.021905970334962794,-0.17076158738298683,-0.17586311452816475,-0.1488170274736692,-0.23930884326944624,0.0,1.0,0.0,0.0,0.0,0.0,1.0,0.0,1.0,0.0,1.0,0.0,0.0,0.0
1.0862272271204807,-0.9341111418493633,0.10512954467103826,0.373729443283187,-0.9476579052448088,-0.17076158738298683,-0.17586311452816475,-0.1488170274736692,-0.23930884326944624,0.0,0.0,0.0,1.0,0.0,0.0,1.0,0.0,1.0,0.0,0.0,1.0,0.0,0.0
0.6831993770974218,-0.6872638900944115,-0.3812052968750679,-0.3928950557592478,1.2529252730373692,-0.17076158738298683,-0.17586311452816475,-0.1488170274736692,-0.23930884326944624,0.0,1.0,0.0,0.0,1.0,0.0,0.0,0.0,1.0,0.0,0.0,0.0,0.0,1.0
-1.0901231630040369,-0.8847416914983729,-0.26720527868568866,-0.3928950557592478,0.5883927291006718,-0.17076158738298683,-0.17586311452816475,6.719661163618754,-0.23930884326944624,0.0,0.0,0.0,1.0,0.0,0.0,1.0,0.0,1.0,0.0,0.0,0.0,0.0,1.0
0.7638049471020336,0.3494945672763858,-1.2271539297052658,-0.3928950557592478,-1.4052049027094198,-0.17076158738298683,-0.17586311452816475,-0.1488170274736692,-0.23930884326944624,1.0,0.0,0.0,0.0,1.0,0.0,0.0,1.0,0.0,0.0,1.0,0.0,0.0,0.0
1.1668327971250925,-0.6872638900944115,0.41728410091491686,-1.1595195548016826,-0.6862024781221736,-0.17076158738298683,-0.17586311452816475,-0.1488170274736692,-0.23930884326944624,0.0,1.0,0.0,0.0,0.0,0.0,1.0,0.0,0.0,1.0,0.0,0.0,0.0,1.0
-1.7349677230409308,-1.1315889432533246,0.7768978921990093,-1.1595195548016826,1.8847758885837367,-0.17076158738298683,-0.17586311452816475,-0.1488170274736692,-0.23930884326944624,0.0,0.0,0.0,1.0,0.0,0.0,1.0,0.0,1.0,0.0,0.0,0.0,0.0,1.0
1.5698606471481513,1.3862530246471831,0.1295930678876432,-1.1595195548016826,-2.44013263506985,-0.17076158738298683,-0.17586311452816475,-0.1488170274736692,-0.23930884326944624,0.0,0.0,1.0,0.0,0.0,0.0,1.0,0.0,1.0,0.0,1.0,0.0,0.0,0.0
1.4892550771435396,-1.477175095710257,0.5846145997164947,-1.1595195548016826,0.22889151680704903,-0.17076158738298683,-0.17586311452816475,-0.1488170274736692,-0.23930884326944624,0.0,0.0,0.0,1.0,0.0,0.0,1.0,0.0,1.0,0.0,1.0,0.0,0.0,0.0
1.2474383671297042,-0.14419993623351768,-1.5168020445898682,-1.1595195548016826,-0.33759524195866036,-0.17076158738298683,-0.17586311452816475,-0.1488170274736692,-0.23930884326944624,0.0,1.0,0.0,0.0,1.0,0.0,0.0,0.0,1.0,0.0,0.0,1.0,0.0,0.0
-1.0901231630040369,1.2875141239452024,1.3889752430784648,-0.3928950557592478,0.457665015539354,-0.17076158738298683,-0.17586311452816475,-0.1488170274736692,-0.23930884326944624,1.0,0.0,0.0,0.0,0.0,1.0,0.0,0.0,1.0,0.0,0.0,1.0,0.0,0.0
0.03835481706052782,0.7444501700843086,-1.1107075591942266,1.9069784413680564,-0.33759524195866036,5.8561179673106665,-0.17586311452816475,-0.1488170274736692,-0.23930884326944624,1.0,0.0,0.0,0.0,1.0,0.0,0.0,0.0,1.0,0.0,0.0,0.0,0.0,1.0
-0.8483064529902015,-0.4897860886904501,-0.11259581195674571,-1.1595195548016826,-0.7079904303823931,-0.17076158738298683,-0.17586311452816475,-0.1488170274736692,-0.23930884326944624,1.0,0.0,0.0,0.0,0.0,0.0,1.0,1.0,0.0,0.0,0.0,0.0,0.0,1.0
-0.36467303296253095,-0.2923082872864887,-1.0740122743693192,-0.3928950557592478,-0.021669934185476598,-0.17076158738298683,-0.17586311452816475,-0.1488170274736692,4.178700570935715,0.0,1.0,0.0,0.0,1.0,0.0,0.0,1.0,0.0,0.0,0.0,1.0,0.0,0.0
1.1668327971250925,0.1520167658724244,1.4261597983677037,0.373729443283187,1.8520939601934077,-0.17076158738298683,-0.17586311452816475,-0.1488170274736692,-0.23930884326944624,0.0,0.0,0.0,1.0,0.0,1.0,0.0,0.0,1.0,0.0,1.0,0.0,0.0,0.0
0.5219882370881984,2.9660754358788743,2.739361724635056,-0.3928950557592478,1.9283517931041756,-0.17076158738298683,-0.17586311452816475,-0.1488170274736692,-0.23930884326944624,1.0,0.0,0.0,0.0,0.0,1.0,0.0,1.0,0.0,0.0,0.0,0.0,0.0,1.0
0.6025938070928101,-0.6378944397434212,-1.5163127741255362,-0.3928950557592478,1.0241517743050634,-0.17076158738298683,-0.17586311452816475,-0.1488170274736692,-0.23930884326944624,0.0,0.0,0.0,1.0,1.0,0.0,0.0,1.0,0.0,0.0,1.0,0.0,0.0,0.0
-1.5737565830317073,-0.04546103553153699,1.3434730898955793,0.373729443283187,-0.8387181439437108,-0.17076158738298683,-0.17586311452816475,-0.1488170274736692,-0.23930884326944624,1.0,0.0,0.0,0.0,0.0,1.0,0.0,1.0,0.0,0.0,1.0,0.0,0.0,0.0
0.3607770970789749,0.30012511692539545,-0.09424816954429202,-0.3928950557592478,2.1135493873160422,-0.17076158738298683,5.686240703077327,-0.1488170274736692,-0.23930884326944624,0.0,0.0,1.0,0.0,0.0,0.0,1.0,1.0,0.0,0.0,1.0,0.0,0.0,0.0
-0.5258841729717545,1.090036322541241,0.8855159352807351,-0.3928950557592478,-0.1741856000070135,-0.17076158738298683,-0.17586311452816475,-0.1488170274736692,-0.23930884326944624,0.0,0.0,1.0,0.0,0.0,0.0,1.0,1.0,0.0,0.0,0.0,1.0,0.0,0.0
1.8922829271665982,0.20138621622341474,0.4759965566347688,-0.3928950557592478,-0.4356410271296483,-0.17076158738298683,-0.17586311452816475,-0.1488170274736692,-0.23930884326944624,0.0,1.0,0.0,0.0,0.0,0.0,1.0,1.0,0.0,0.0,1.0,0.0,0.0,0.0
0.03835481706052782,0.3494945672763858,-0.6982525577622676,-1.1595195548016826,0.42498308714902494,5.8561179673106665,-0.17586311452816475,-0.1488170274736692,-0.23930884326944624,0.0,0.0,1.0,0.0,1.0,0.0,0.0,0.0,0.0,1.0,0.0,1.0,0.0,0.0
-0.6064897429763663,-1.329066744657286,-0.5651709914639368,1.1403539423256217,1.361865034338467,-0.17076158738298683,-0.17586311452816475,-0.1488170274736692,-0.23930884326944624,0.0,0.0,0.0,1.0,1.0,0.0,0.0,0.0,1.0,0.0,0.0,0.0,0.0,1.0
0.8444105171066454,0.6950807197333182,-0.2950936951526183,-0.3928950557592478,-1.4052049027094198,-0.17076158738298683,-0.17586311452816475,-0.1488170274736692,-0.23930884326944624,0.0,1.0,0.0,0.0,1.0,0.0,0.0,0.0,1.0,0.0,0.0,1.0,0.0,0.0
-0.5258841729717545,0.4482334679783665,0.9085116471043437,-1.1595195548016826,0.7953782755727576,-0.17076158738298683,-0.17586311452816475,-0.1488170274736692,-0.23930884326944624,1.0,0.0,0.0,0.0,0.0,0.0,1.0,0.0,1.0,0.0,0.0,0.0,1.0,0.0
0.3607770970789749,0.3988640176273761,-1.0955401747999316,0.373729443283187,-0.3593831942188799,-0.17076158738298683,-0.17586311452816475,-0.1488170274736692,-0.23930884326944624,1.0,0.0,0.0,0.0,1.0,0.0,0.0,0.0,1.0,0.0,1.0,0.0,0.0,0.0
0.8444105171066454,0.25075566657440507,-0.23833832129009502,-0.3928950557592478,0.3487252542382561,-0.17076158738298683,-0.17586311452816475,-0.1488170274736692,-0.23930884326944624,1.0,0.0,0.0,0.0,0.0,0.0,1.0,0.0,1.0,0.0,1.0,0.0,0.0,0.0
1.4086495071389278,-0.09483048588252734,-0.12825246681537286,-1.1595195548016826,0.2615734451973781,-0.17076158738298683,-0.17586311452816475,-0.1488170274736692,-0.23930884326944624,0.0,0.0,0.0,1.0,0.0,0.0,1.0,0.0,1.0,0.0,0.0,1.0,0.0,0.0
-1.331939873017872,-0.6378944397434212,0.8282712909538795,3.440227439452926,-0.021669934185476598,-0.17076158738298683,-0.17586311452816475,-0.1488170274736692,4.178700570935715,0.0,0.0,1.0,0.0,0.0,0.0,1.0,0.0,1.0,0.0,1.0,0.0,0.0,0.0
1.328043937134316,-0.9834805922003536,-1.3039693926054055,1.1403539423256217,-0.5227928361705267,-0.17076158738298683,-0.17586311452816475,-0.1488170274736692,-0.23930884326944624,0.0,0.0,0.0,1.0,1.0,0.0,0.0,0.0,1.0,0.0,1.0,0.0,0.0,0.0
0.3607770970789749,-0.8353722411473825,-0.30683618629658876,-1.1595195548016826,1.1004096072158323,-0.17076158738298683,-0.17586311452816475,-0.1488170274736692,-0.23930884326944624,1.0,0.0,0.0,0.0,0.0,0.0,1.0,0.0,1.0,0.0,1.0,0.0,0.0,0.0
0.2801715270743631,-0.8353722411473825,-0.16201212885428756,-1.1595195548016826,0.14173970776617026,-0.17076158738298683,-0.17586311452816475,-0.1488170274736692,-0.23930884326944624,0.0,1.0,0.0,0.0,0.0,0.0,1.0,1.0,0.0,0.0,0.0,1.0,0.0,0.0
-1.1707287330086487,-0.8353722411473825,0.5141596528526725,-0.3928950557592478,-2.3856627544193008,-0.17076158738298683,-0.17586311452816475,-0.1488170274736692,-0.23930884326944624,0.0,0.0,1.0,0.0,0.0,0.0,1.0,1.0,0.0,0.0,0.0,0.0,0.0,1.0
-1.0095175929994251,0.25075566657440507,-1.4801067597649609,-0.3928950557592478,-1.5032506878804077,-0.17076158738298683,-0.17586311452816475,6.719661163618754,-0.23930884326944624,1.0,0.0,0.0,0.0,1.0,0.0,0.0,0.0,0.0,1.0,0.0,1.0,0.0,0.0
-0.9289120229948132,-0.9341111418493633,2.4027436451745725,0.373729443283187,-0.46832295551997777,-0.17076158738298683,-0.17586311452816475,-0.1488170274736692,-0.23930884326944624,0.0,1.0,0.0,0.0,0.0,1.0,0.0,1.0,0.0,0.0,0.0,0.0,1.0,0.0
0.3607770970789749,2.1267947799120384,-0.6003984648958478,0.373729443283187,-0.3920651226092093,-0.17076158738298683,-0.17586311452816475,-0.1488170274736692,-0.23930884326944624,0.0,0.0,1.0,0.0,1.0,0.0,0.0,0.0,1.0,0.0,0.0,0.0,0.0,1.0
0.2801715270743631,-1.1809583936043149,1.2089237122042522,2.673602940410491,-0.3593831942188799,-0.17076158738298683,-0.17586311452816475,-0.1488170274736692,-0.23930884326944624,0.0,0.0,1.0,0.0,0.0,1.0,0.0,0.0,1.0,0.0,0.0,0.0,0.0,1.0
-0.4452786029671427,1.3368835742961926,-0.014252448625994013,1.1403539423256217,-0.8714000723340399,-0.17076158738298683,-0.17586311452816475,-0.1488170274736692,-0.23930884326944624,0.0,1.0,0.0,0.0,0.0,0.0,1.0,1.0,0.0,0.0,1.0,0.0,0.0,0.0
-1.0095175929994251,0.5963418190313375,-1.1038577726935772,-1.1595195548016826,-1.078385618806126,-0.17076158738298683,-0.17586311452816475,-0.1488170274736692,-0.23930884326944624,1.0,0.0,0.0,0.0,1.0,0.0,0.0,1.0,0.0,0.0,0.0,0.0,1.0,0.0
0.5219882370881984,-0.19356938658450804,0.2930094029745639,1.9069784413680564,-0.1306096954865745,-0.17076158738298683,-0.17586311452816475,-0.1488170274736692,-0.23930884326944624,0.0,1.0,0.0,0.0,0.0,0.0,1.0,0.0,1.0,0.0,0.0,1.0,0.0,0.0
-1.331939873017872,0.0532778651704437,2.2089925412990614,-1.1595195548016826,1.5797445569406627,-0.17076158738298683,-0.17586311452816475,-0.1488170274736692,-0.23930884326944624,0.0,1.0,0.0,0.0,0.0,1.0,0.0,0.0,1.0,0.0,0.0,1.0,0.0,0.0
-0.20346189295330747,-0.6872638900944115,-1.5270767243408423,-0.3928950557592478,-1.296265141408322,-0.17076158738298683,-0.17586311452816475,-0.1488170274736692,-0.23930884326944624,1.0,0.0,0.0,0.0,1.0,0.0,0.0,0.0,1.0,0.0,1.0,0.0,0.0,0.0
-1.1707287330086487,-1.1809583936043149,-0.18696492253522448,-0.3928950557592478,2.0481855305353833,-0.17076158738298683,-0.17586311452816475,-0.1488170274736692,-0.23930884326944624,0.0,0.0,0.0,1.0,0.0,0.0,1.0,0.0,1.0,0.0,0.0,1.0,0.0,0.0
-0.5258841729717545,-0.09483048588252734,-0.44921389141722956,1.9069784413680564,-0.20686752839734296,-0.17076158738298683,-0.17586311452816475,-0.1488170274736692,-0.23930884326944624,1.0,0.0,0.0,0.0,0.0,0.0,1.0,0.0,0.0,1.0,1.0,0.0,0.0,0.0
0.3607770970789749,-0.8353722411473825,-0.0489906515935727,-0.3928950557592478,0.7735903233125385,-0.17076158738298683,-0.17586311452816475,-0.1488170274736692,-0.23930884326944624,0.0,0.0,1.0,0.0,0.0,0.0,1.0,1.0,0.0,0.0,0.0,0.0,1.0,0.0
-0.20346189295330747,-0.04546103553153699,-0.7432654404808207,-0.3928950557592478,-0.4356410271296483,-0.17076158738298683,-0.17586311452816475,-0.1488170274736692,-0.23930884326944624,1.0,0.0,0.0,0.0,1.0,0.0,0.0,1.0,0.0,0.0,1.0,0.0,0.0,0.0
0.5219882370881984,1.1887752232432216,-0.934080921570339,0.373729443283187,0.21799754067693908,-0.17076158738298683,-0.17586311452816475,-0.1488170274736692,-0.23930884326944624,1.0,0.0,0.0,0.0,1.0,0.0,0.0,0.0,0.0,1.0,0.0,1.0,0.0,0.0
0.9250160871112572,0.30012511692539545,-0.5343469522110145,1.1403539423256217,-0.9585518813749183,-0.17076158738298683,-0.17586311452816475,-0.1488170274736692,-0.23930884326944624,1.0,0.0,0.0,0.0,1.0,0.0,0.0,1.0,0.0,0.0,0.0,1.0,0.0,0.0
-1.8155732930455426,1.090036322541241,0.7284601162301318,-1.1595195548016826,-0.1306096954865745,-0.17076158738298683,-0.17586311452816475,-0.1488170274736692,-0.23930884326944624,1.0,0.0,0.0,0.0,0.0,0.0,1.0,1.0,0.0,0.0,0.0,1.0,0.0,0.0
-0.36467303296253095,-0.19356938658450804,-0.5010765606364318,-1.1595195548016826,-0.773354287163052,-0.17076158738298683,-0.17586311452816475,-0.1488170274736692,-0.23930884326944624,0.0,0.0,1.0,0.0,0.0,0.0,1.0,0.0,1.0,0.0,0.0,1.0,0.0,0.0
0.2801715270743631,-1.4278056453592667,-0.09424816954429202,-0.3928950557592478,-0.6862024781221736,-0.17076158738298683,5.686240703077327,-0.1488170274736692,-0.23930884326944624,1.0,0.0,0.0,0.0,0.0,0.0,1.0,0.0,1.0,0.0,0.0,1.0,0.0,0.0
0.03835481706052782,-0.9341111418493633,0.5190523574959937,-0.3928950557592478,-0.5445807884307462,5.8561179673106665,-0.17586311452816475,-0.1488170274736692,-0.23930884326944624,1.0,0.0,0.0,0.0,0.0,0.0,1.0,0.0,1.0,0.0,0.0,1.0,0.0,0.0
-0.36467303296253095,0.0532778651704437,0.7172068955504933,-0.3928950557592478,-1.1546434517168946,-0.17076158738298683,-0.17586311452816475,-0.1488170274736692,-0.23930884326944624,1.0,0.0,0.0,0.0,0.0,0.0,1.0,0.0,1.0,0.0,0.0,0.0,0.0,1.0
-1.8155732930455426,-0.5391555390414404,-1.2550423461721956,-0.3928950557592478,0.5339228484501228,-0.17076158738298683,-0.17586311452816475,-0.1488170274736692,-0.23930884326944624,1.0,0.0,0.0,0.0,1.0,0.0,0.0,1.0,0.0,0.0,0.0,0.0,0.0,1.0
0.3607770970789749,-0.8847416914983729,0.2049407193947863,-1.1595195548016826,-0.5118988600404172,-0.17076158738298683,-0.17586311452816475,-0.1488170274736692,-0.23930884326944624,0.0,1.0,0.0,0.0,0.0,0.0,1.0,0.0,1.0,0.0,1.0,0.0,0.0,0.0
-0.8483064529902015,3.2129226876338257,-0.37435551037441844,-0.3928950557592478,2.353216862178458,-0.17076158738298683,-0.17586311452816475,-0.1488170274736692,-0.23930884326944624,0.0,0.0,1.0,0.0,1.0,0.0,0.0,0.0,0.0,1.0,0.0,0.0,0.0,1.0
-1.331939873017872,0.4976029183293568,0.45104376295383186,-1.1595195548016826,-0.46832295551997777,-0.17076158738298683,-0.17586311452816475,-0.1488170274736692,-0.23930884326944624,0.0,1.0,0.0,0.0,0.0,0.0,1.0,1.0,0.0,0.0,1.0,0.0,0.0,0.0
1.2474383671297042,1.238144673594212,-0.5279864361746974,-0.3928950557592478,0.7518023710523186,-0.17076158738298683,-0.17586311452816475,-0.1488170274736692,-0.23930884326944624,0.0,0.0,1.0,0.0,1.0,0.0,0.0,0.0,1.0,0.0,0.0,0.0,0.0,1.0
-0.687095312980978,-0.34167773763747905,-0.09400353431212584,1.9069784413680564,-2.178677207947215,-0.17076158738298683,-0.17586311452816475,-0.1488170274736692,-0.23930884326944624,0.0,0.0,0.0,1.0,1.0,0.0,0.0,0.0,1.0,0.0,0.0,1.0,0.0,0.0
-0.28406746295791924,0.3494945672763858,2.3650698194210014,-0.3928950557592478,-1.078385618806126,-0.17076158738298683,-0.17586311452816475,-0.1488170274736692,-0.23930884326944624,0.0,0.0,0.0,1.0,0.0,1.0,0.0,0.0,1.0,0.0,0.0,0.0,0.0,1.0
-0.20346189295330747,-0.24293883693549836,1.2490438902794847,0.373729443283187,1.6015325092008819,-0.17076158738298683,-0.17586311452816475,-0.1488170274736692,-0.23930884326944624,1.0,0.0,0.0,0.0,0.0,1.0,0.0,1.0,0.0,0.0,1.0,0.0,0.0,0.0
-1.1707287330086487,0.6457112693823278,-0.3244499230125443,0.373729443283187,-1.230901284627663,-0.17076158738298683,-0.17586311452816475,-0.1488170274736692,-0.23930884326944624,0.0,0.0,0.0,1.0,1.0,0.0,0.0,0.0,1.0,0.0,0.0,0.0,1.0,0.0
1.005621657115869,1.2875141239452024,-0.8195916329166278,-0.3928950557592478,-0.5990506690812951,-0.17076158738298683,-0.17586311452816475,6.719661163618754,-0.23930884326944624,1.0,0.0,0.0,0.0,1.0,0.0,0.0,1.0,0.0,0.0,1.0,0.0,0.0,0.0
1.5698606471481513,0.5469723686803472,-0.2583984103277109,1.9069784413680564,0.09816380324573125,-0.17076158738298683,-0.17586311452816475,-0.1488170274736692,-0.23930884326944624,0.0,1.0,0.0,0.0,0.0,0.0,1.0,0.0,1.0,0.0,0.0,0.0,1.0,0.0
-0.687095312980978,1.238144673594212,-0.739351276766164,-1.1595195548016826,-0.20686752839734296,-0.17076158738298683,-0.17586311452816475,-0.1488170274736692,-0.23930884326944624,1.0,0.0,0.0,0.0,1.0,0.0,0.0,1.0,0.0,0.0,0.0,1.0,0.0,0.0
-0.1228563229486957,-0.8847416914983729,0.1653098117838862,-0.3928950557592478,-1.1219615233265652,-0.17076158738298683,-0.17586311452816475,-0.1488170274736692,-0.23930884326944624,0.0,0.0,0.0,1.0,0.0,0.0,1.0,0.0,1.0,0.0,0.0,1.0,0.0,0.0
-0.8483064529902015,-0.9834805922003536,-0.8602010814561922,-0.3928950557592478,1.9937156498848345,-0.17076158738298683,-0.17586311452816475,-0.1488170274736692,-0.23930884326944624,0.0,0.0,1.0,0.0,1.0,0.0,0.0,0.0,1.0,0.0,0.0,0.0,1.0,0.0
1.4086495071389278,1.3862530246471831,-0.5128190517804022,0.373729443283187,0.49034694392968387,-0.17076158738298683,-0.17586311452816475,-0.1488170274736692,-0.23930884326944624,1.0,0.0,0.0,0.0,0.0,0.0,1.0,0.0,1.0,0.0,0.0,1.0,0.0,0.0
-1.8155732930455426,-0.04546103553153699,0.3913527663053159,0.373729443283187,-0.250443432917782,-0.17076158738298683,-0.17586311452816475,-0.1488170274736692,-0.23930884326944624,1.0,0.0,0.0,0.0,0.0,0.0,1.0,1.0,0.0,0.0,0.0,1.0,0.0,0.0
0.5219882370881984,0.8925585211372796,0.40211671652062203,0.373729443283187,-0.0652458387059156,-0.17076158738298683,-0.17586311452816475,-0.1488170274736692,-0.23930884326944624,0.0,1.0,0.0,0.0,0.0,0.0,1.0,1.0,0.0,0.0,0.0,0.0,0.0,1.0
-0.5258841729717545,-0.7366333404454019,-1.4336260656534117,-0.3928950557592478,-1.2200073084975536,-0.17076158738298683,-0.17586311452816475,-0.1488170274736692,-0.23930884326944624,0.0,1.0,0.0,0.0,1.0,0.0,0.0,1.0,0.0,0.0,0.0,1.0,0.0,0.0
0.03835481706052782,-0.2923082872864887,-0.17962586557024307,0.373729443283187,1.5688505808105528,5.8561179673106665,-0.17586311452816475,-0.1488170274736692,-0.23930884326944624,0.0,1.0,0.0,0.0,0.0,0.0,1.0,0.0,1.0,0.0,1.0,0.0,0.0,0.0
1.4086495071389278,-0.24293883693549836,-0.6728104936169983,1.1403539423256217,-0.14150367161668406,-0.17076158738298683,-0.17586311452816475,-0.1488170274736692,-0.23930884326944624,1.0,0.0,0.0,0.0,1.0,0.0,0.0,1.0,0.0,0.0,0.0,0.0,0.0,1.0
-1.2513343030132602,-0.7860027907963922,-0.2172996913238148,-0.3928950557592478,-0.773354287163052,-0.17076158738298683,-0.17586311452816475,-0.1488170274736692,-0.23930884326944624,1.0,0.0,0.0,0.0,0.0,0.0,1.0,0.0,0.0,1.0,0.0,0.0,0.0,1.0
1.5698606471481513,-1.1315889432533246,-1.0749908152979832,-1.1595195548016826,-0.816930191683491,-0.17076158738298683,-0.17586311452816475,-0.1488170274736692,-0.23930884326944624,0.0,1.0,0.0,0.0,1.0,0.0,0.0,1.0,0.0,0.0,1.0,0.0,0.0,0.0
-0.042250752944083945,3.2129226876338257,0.46963604059845143,-1.1595195548016826,-1.2744771891481024,-0.17076158738298683,-0.17586311452816475,-0.1488170274736692,-0.23930884326944624,0.0,1.0,0.0,0.0,0.0,0.0,1.0,0.0,1.0,0.0,0.0,0.0,0.0,1.0
-1.7349677230409308,0.003908414819453356,0.19711239196547253,1.1403539423256217,-0.2831253613081114,-0.17076158738298683,-0.17586311452816475,-0.1488170274736692,-0.23930884326944624,0.0,0.0,0.0,1.0,0.0,0.0,1.0,0.0,1.0,0.0,0.0,1.0,0.0,0.0
0.5219882370881984,-1.1315889432533246,-0.2769906879723308,-0.3928950557592478,-0.1306096954865745,-0.17076158738298683,-0.17586311452816475,-0.1488170274736692,-0.23930884326944624,1.0,0.0,0.0,0.0,0.0,0.0,1.0,1.0,0.0,0.0,0.0,0.0,1.0,0.0
-0.687095312980978,-0.34167773763747905,0.5596618060355577,0.373729443283187,1.2529252730373692,-0.17076158738298683,-0.17586311452816475,-0.1488170274736692,-0.23930884326944624,1.0,0.0,0.0,0.0,0.0,0.0,1.0,0.0,1.0,0.0,0.0,1.0,0.0,0.0
0.4413826670835866,0.10264731552143405,-0.31711086604756283,0.373729443283187,0.44677103940924484,-0.17076158738298683,-0.17586311452816475,-0.1488170274736692,-0.23930884326944624,0.0,1.0,0.0,0.0,0.0,0.0,1.0,0.0,1.0,0.0,0.0,1.0,0.0,0.0
1.4892550771435396,-0.09483048588252734,-1.4267762791527623,0.373729443283187,0.8280602039630874,-0.17076158738298683,-0.17586311452816475,-0.1488170274736692,-0.23930884326944624,0.0,0.0,1.0,0.0,1.0,0.0,0.0,0.0,1.0,0.0,0.0,0.0,1.0,0.0
0.6025938070928101,-0.24293883693549836,-1.2858663854251178,-0.3928950557592478,1.5361686524202238,-0.17076158738298683,-0.17586311452816475,-0.1488170274736692,-0.23930884326944624,0.0,0.0,0.0,1.0,1.0,0.0,0.0,0.0,1.0,0.0,0.0,0.0,1.0,0.0
0.11896038706513958,-0.9834805922003536,-0.9008105299957563,-0.3928950557592478,0.414089111018915,-0.17076158738298683,-0.17586311452816475,-0.1488170274736692,-0.23930884326944624,0.0,0.0,1.0,0.0,1.0,0.0,0.0,0.0,1.0,0.0,0.0,1.0,0.0,0.0
0.4413826670835866,1.8305780778060963,-1.0104071140061464,1.9069784413680564,0.6210746574910009,-0.17076158738298683,-0.17586311452816475,-0.1488170274736692,-0.23930884326944624,1.0,0.0,0.0,0.0,1.0,0.0,0.0,0.0,1.0,0.0,0.0,1.0,0.0,0.0
-0.5258841729717545,1.4849919253491637,-1.1601238760917685,-1.1595195548016826,-2.6471181815419356,-0.17076158738298683,-0.17586311452816475,-0.1488170274736692,-0.23930884326944624,0.0,1.0,0.0,0.0,1.0,0.0,0.0,0.0,1.0,0.0,0.0,0.0,0.0,1.0
0.7638049471020336,0.30012511692539545,0.26854587975795896,-1.1595195548016826,0.9805758697846244,-0.17076158738298683,-0.17586311452816475,-0.1488170274736692,-0.23930884326944624,0.0,0.0,1.0,0.0,0.0,0.0,1.0,1.0,0.0,0.0,0.0,1.0,0.0,0.0
1.0862272271204807,-0.14419993623351768,-1.1356603528751636,-1.1595195548016826,0.9587879175244045,-0.17076158738298683,-0.17586311452816475,-0.1488170274736692,-0.23930884326944624,1.0,0.0,0.0,0.0,1.0,0.0,0.0,0.0,1.0,0.0,0.0,0.0,1.0,0.0
0.7638049471020336,2.5711198330709513,0.645284137293675,-1.1595195548016826,-1.0565976665459067,-0.17076158738298683,-0.17586311452816475,-0.1488170274736692,-0.23930884326944624,1.0,0.0,0.0,0.0,0.0,0.0,1.0,1.0,0.0,0.0,0.0,0.0,0.0,1.0
-1.8155732930455426,-0.09483048588252734,-0.6679177889736776,-0.3928950557592478,-0.5990506690812951,-0.17076158738298683,-0.17586311452816475,-0.1488170274736692,-0.23930884326944624,0.0,0.0,1.0,0.0,1.0,0.0,0.0,0.0,0.0,1.0,0.0,0.0,1.0,0.0
-0.042250752944083945,-0.09483048588252734,-1.2007333246313325,-0.3928950557592478,-0.11971571935646455,-0.17076158738298683,-0.17586311452816475,-0.1488170274736692,-0.23930884326944624,1.0,0.0,0.0,0.0,1.0,0.0,0.0,1.0,0.0,0.0,0.0,0.0,1.0,0.0
-1.1707287330086487,-0.7860027907963922,-1.0510165625457106,-0.3928950557592478,-2.276722993118203,-0.17076158738298683,-0.17586311452816475,-0.1488170274736692,-0.23930884326944624,1.0,0.0,0.0,0.0,1.0,0.0,0.0,0.0,1.0,0.0,1.0,0.0,0.0,0.0
0.9250160871112572,0.3494945672763858,0.0537561459161677,-0.3928950557592478,0.42498308714902494,-0.17076158738298683,-0.17586311452816475,-0.1488170274736692,-0.23930884326944624,0.0,0.0,1.0,0.0,0.0,0.0,1.0,0.0,1.0,0.0,1.0,0.0,0.0,0.0
0.4413826670835866,-0.8353722411473825,-0.9379950852849958,-0.3928950557592478,1.0677276788255023,-0.17076158738298683,-0.17586311452816475,-0.1488170274736692,-0.23930884326944624,0.0,0.0,0.0,1.0,1.0,0.0,0.0,1.0,0.0,0.0,1.0,0.0,0.0,0.0
0.03835481706052782,0.4976029183293568,-0.9614800675729365,0.373729443283187,-0.6862024781221736,5.8561179673106665,-0.17586311452816475,-0.1488170274736692,-0.23930884326944624,0.0,0.0,1.0,0.0,1.0,0.0,0.0,0.0,1.0,0.0,0.0,0.0,0.0,1.0
-0.687095312980978,0.1520167658724244,-0.03088764441328518,-0.3928950557592478,-0.27223138517800144,-0.17076158738298683,-0.17586311452816475,-0.1488170274736692,-0.23930884326944624,0.0,0.0,1.0,0.0,0.0,0.0,1.0,0.0,1.0,0.0,0.0,1.0,0.0,0.0
-0.7677008829855898,-1.2303278439553054,-0.9937719182188549,-0.3928950557592478,-0.021669934185476598,-0.17076158738298683,-0.17586311452816475,-0.1488170274736692,4.178700570935715,0.0,1.0,0.0,0.0,1.0,0.0,0.0,1.0,0.0,0.0,0.0,1.0,0.0,0.0
0.11896038706513958,-1.0822194929023343,0.3708034068033677,-0.3928950557592478,-0.46832295551997777,-0.17076158738298683,-0.17586311452816475,-0.1488170274736692,-0.23930884326944624,0.0,1.0,0.0,0.0,0.0,0.0,1.0,0.0,1.0,0.0,0.0,0.0,0.0,1.0
-1.2513343030132602,-0.7366333404454019,1.5807692650966474,0.373729443283187,-0.021669934185476598,-0.17076158738298683,-0.17586311452816475,-0.1488170274736692,4.178700570935715,0.0,1.0,0.0,0.0,0.0,1.0,0.0,1.0,0.0,0.0,0.0,1.0,0.0,0.0
-0.042250752944083945,-0.8353722411473825,0.19270895778648384,-1.1595195548016826,-0.8060362155533815,-0.17076158738298683,-0.17586311452816475,-0.1488170274736692,-0.23930884326944624,0.0,0.0,1.0,0.0,0.0,0.0,1.0,1.0,0.0,0.0,0.0,0.0,1.0,0.0
1.4086495071389278,-1.4278056453592667,-0.39832976312669105,1.1403539423256217,0.39230115875869587,-0.17076158738298683,-0.17586311452816475,-0.1488170274736692,-0.23930884326944624,0.0,1.0,0.0,0.0,1.0,0.0,0.0,0.0,1.0,0.0,0.0,0.0,0.0,1.0
1.5698606471481513,-0.39104718798846944,0.38597079119766253,-0.3928950557592478,-0.9149759768544793,-0.17076158738298683,-0.17586311452816475,-0.1488170274736692,-0.23930884326944624,0.0,0.0,1.0,0.0,0.0,0.0,1.0,0.0,1.0,0.0,0.0,0.0,1.0,0.0
1.97288849717121,0.0532778651704437,-0.40175465637701574,1.9069784413680564,-1.753812138872933,-0.17076158738298683,-0.17586311452816475,-0.1488170274736692,-0.23930884326944624,0.0,1.0,0.0,0.0,1.0,0.0,0.0,1.0,0.0,0.0,0.0,1.0,0.0,0.0
-1.8155732930455426,0.30012511692539545,0.16873470503421092,0.373729443283187,0.5557108007103427,-0.17076158738298683,-0.17586311452816475,-0.1488170274736692,-0.23930884326944624,1.0,0.0,0.0,0.0,0.0,0.0,1.0,0.0,1.0,0.0,0.0,1.0,0.0,0.0
-0.20346189295330747,2.5711198330709513,0.6702369309746122,-0.3928950557592478,0.6537565858813307,-0.17076158738298683,-0.17586311452816475,-0.1488170274736692,-0.23930884326944624,1.0,0.0,0.0,0.0,0.0,0.0,1.0,0.0,1.0,0.0,0.0,1.0,0.0,0.0
0.9250160871112572,-0.24293883693549836,1.4266490688320361,-0.3928950557592478,-0.762460311032942,-0.17076158738298683,-0.17586311452816475,-0.1488170274736692,-0.23930884326944624,1.0,0.0,0.0,0.0,0.0,1.0,0.0,0.0,1.0,0.0,0.0,1.0,0.0,0.0
0.8444105171066454,-0.44041663833945977,-0.9399521671423242,-0.3928950557592478,-0.8931880245942598,-0.17076158738298683,-0.17586311452816475,-0.1488170274736692,-0.23930884326944624,1.0,0.0,0.0,0.0,1.0,0.0,0.0,1.0,0.0,0.0,0.0,1.0,0.0,0.0
-0.7677008829855898,-0.19356938658450804,-0.2114284457518294,-1.1595195548016826,0.00011801807474329057,-0.17076158738298683,-0.17586311452816475,-0.1488170274736692,-0.23930884326944624,0.0,1.0,0.0,0.0,0.0,0.0,1.0,0.0,1.0,0.0,0.0,1.0,0.0,0.0
1.328043937134316,-0.8353722411473825,0.9765202416465054,-1.1595195548016826,-0.1741856000070135,-0.17076158738298683,-0.17586311452816475,-0.1488170274736692,-0.23930884326944624,0.0,0.0,1.0,0.0,0.0,1.0,0.0,1.0,0.0,0.0,0.0,1.0,0.0,0.0
1.005621657115869,0.20138621622341474,-1.5329479699128274,1.1403539423256217,-1.4705687594900783,-0.17076158738298683,-0.17586311452816475,-0.1488170274736692,-0.23930884326944624,0.0,0.0,1.0,0.0,1.0,0.0,0.0,0.0,1.0,0.0,1.0,0.0,0.0,0.0
-0.687095312980978,-1.0328500425513438,-0.8924929321021106,-0.3928950557592478,1.7867301034127487,-0.17076158738298683,-0.17586311452816475,-0.1488170274736692,-0.23930884326944624,1.0,0.0,0.0,0.0,1.0,0.0,0.0,0.0,1.0,0.0,0.0,1.0,0.0,0.0
0.3607770970789749,-0.19356938658450804,-0.024037857912635772,-1.1595195548016826,-0.2831253613081114,-0.17076158738298683,-0.17586311452816475,-0.1488170274736692,-0.23930884326944624,1.0,0.0,0.0,0.0,0.0,0.0,1.0,0.0,1.0,0.0,1.0,0.0,0.0,0.0
0.5219882370881984,0.7444501700843086,0.43979054227419345,0.373729443283187,0.49034694392968387,-0.17076158738298683,-0.17586311452816475,-0.1488170274736692,-0.23930884326944624,0.0,0.0,0.0,1.0,0.0,0.0,1.0,0.0,1.0,0.0,0.0,1.0,0.0,0.0
-1.5737565830317073,-0.8353722411473825,0.8326747251328686,-0.3928950557592478,-1.078385618806126,-0.17076158738298683,-0.17586311452816475,-0.1488170274736692,-0.23930884326944624,0.0,0.0,0.0,1.0,0.0,0.0,1.0,1.0,0.0,0.0,1.0,0.0,0.0,0.0
0.03835481706052782,-0.9341111418493633,0.6374558098643611,-0.3928950557592478,0.9587879175244045,-0.17076158738298683,-0.17586311452816475,-0.1488170274736692,-0.23930884326944624,0.0,1.0,0.0,0.0,0.0,0.0,1.0,1.0,0.0,0.0,1.0,0.0,0.0,0.0
-1.331939873017872,-1.2796972943062956,0.13986774763861728,0.373729443283187,-0.8278241678136009,-0.17076158738298683,-0.17586311452816475,-0.1488170274736692,-0.23930884326944624,0.0,0.0,1.0,0.0,0.0,0.0,1.0,0.0,1.0,0.0,1.0,0.0,0.0,0.0
0.8444105171066454,-0.09483048588252734,-0.2716087128646777,0.373729443283187,-0.31580728969844085,-0.17076158738298683,-0.17586311452816475,-0.1488170274736692,-0.23930884326944624,1.0,0.0,0.0,0.0,1.0,0.0,0.0,1.0,0.0,0.0,0.0,1.0,0.0,0.0
0.5219882370881984,-0.09483048588252734,-1.1410423279828166,1.1403539423256217,-0.5554747645608562,-0.17076158738298683,-0.17586311452816475,-0.1488170274736692,-0.23930884326944624,1.0,0.0,0.0,0.0,1.0,0.0,0.0,0.0,1.0,0.0,0.0,1.0,0.0,0.0
0.6831993770974218,0.5469723686803472,0.28126691183059377,0.373729443283187,-0.21776150452745252,-0.17076158738298683,-0.17586311452816475,-0.1488170274736692,-0.23930884326944624,0.0,1.0,0.0,0.0,0.0,0.0,1.0,0.0,1.0,0.0,0.0,0.0,0.0,1.0
1.5698606471481513,2.768597634474913,0.35123258823008385,0.373729443283187,0.7844842994426477,-0.17076158738298683,-0.17586311452816475,-0.1488170274736692,-0.23930884326944624,0.0,1.0,0.0,0.0,0.0,0.0,1.0,0.0,1.0,0.0,0.0,1.0,0.0,0.0
0.03835481706052782,-0.8847416914983729,-1.2159007090256277,-1.1595195548016826,0.29425537358770715,5.8561179673106665,-0.17586311452816475,-0.1488170274736692,-0.23930884326944624,0.0,1.0,0.0,0.0,1.0,0.0,0.0,1.0,0.0,0.0,0.0,1.0,0.0,0.0
-1.5737565830317073,0.9419279714882699,0.11833984720800472,-0.3928950557592478,2.2007011963569205,-0.17076158738298683,-0.17586311452816475,-0.1488170274736692,-0.23930884326944624,1.0,0.0,0.0,0.0,0.0,0.0,1.0,1.0,0.0,0.0,0.0,1.0,0.0,0.0
1.6504662171527629,-0.4897860886904501,-0.6850422552253007,-0.3928950557592478,-0.11971571935646455,-0.17076158738298683,-0.17586311452816475,-0.1488170274736692,-0.23930884326944624,1.0,0.0,0.0,0.0,0.0,0.0,1.0,1.0,0.0,0.0,0.0,0.0,0.0,1.0
2.3759163471942686,2.4723809323689707,1.9668036614546731,0.373729443283187,-0.29401933743822134,-0.17076158738298683,-0.17586311452816475,-0.1488170274736692,-0.23930884326944624,0.0,1.0,0.0,0.0,0.0,1.0,0.0,0.0,1.0,0.0,0.0,0.0,0.0,1.0
0.2801715270743631,0.1520167658724244,0.6041854182897785,-1.1595195548016826,-1.296265141408322,-0.17076158738298683,-0.17586311452816475,-0.1488170274736692,-0.23930884326944624,1.0,0.0,0.0,0.0,0.0,0.0,1.0,0.0,1.0,0.0,0.0,1.0,0.0,0.0
-1.4931510130270955,-1.0328500425513438,-0.2818833926156518,-1.1595195548016826,1.1113035833459415,-0.17076158738298683,-0.17586311452816475,-0.1488170274736692,-0.23930884326944624,1.0,0.0,0.0,0.0,0.0,0.0,1.0,1.0,0.0,0.0,0.0,1.0,0.0,0.0
-0.4452786029671427,0.3494945672763858,-0.39686195173369504,1.1403539423256217,-0.14150367161668406,-0.17076158738298683,-0.17586311452816475,-0.1488170274736692,-0.23930884326944624,0.0,0.0,0.0,1.0,0.0,0.0,1.0,0.0,1.0,0.0,1.0,0.0,0.0,0.0
-0.1228563229486957,-1.0822194929023343,-0.18598638160656047,-0.3928950557592478,0.05458789872529224,-0.17076158738298683,-0.17586311452816475,6.719661163618754,-0.23930884326944624,0.0,1.0,0.0,0.0,0.0,0.0,1.0,1.0,0.0,0.0,1.0,0.0,0.0,0.0
-0.7677008829855898,-0.19356938658450804,-1.1038577726935772,-1.1595195548016826,-0.773354287163052,-0.17076158738298683,-0.17586311452816475,-0.1488170274736692,-0.23930884326944624,0.0,0.0,0.0,1.0,1.0,0.0,0.0,1.0,0.0,0.0,1.0,0.0,0.0,0.0
-0.8483064529902015,0.30012511692539545,0.17509522107052833,0.373729443283187,0.272467421327488,-0.17076158738298683,-0.17586311452816475,-0.1488170274736692,-0.23930884326944624,0.0,0.0,1.0,0.0,0.0,0.0,1.0,0.0,1.0,0.0,0.0,0.0,0.0,1.0
0.7638049471020336,-0.8353722411473825,-0.6596001910800318,0.373729443283187,-0.14150367161668406,-0.17076158738298683,-0.17586311452816475,-0.1488170274736692,-0.23930884326944624,0.0,0.0,1.0,0.0,1.0,0.0,0.0,1.0,0.0,0.0,0.0,1.0,0.0,0.0
0.11896038706513958,-0.39104718798846944,-0.13412371238735793,-1.1595195548016826,0.9478939413942945,-0.17076158738298683,-0.17586311452816475,-0.1488170274736692,-0.23930884326944624,1.0,0.0,0.0,0.0,0.0,0.0,1.0,1.0,0.0,0.0,0.0,1.0,0.0,0.0
0.5219882370881984,-0.8847416914983729,-1.0974972566572598,-0.3928950557592478,-1.0130217620254673,-0.17076158738298683,-0.17586311452816475,-0.1488170274736692,-0.23930884326944624,0.0,0.0,1.0,0.0,1.0,0.0,0.0,0.0,0.0,1.0,0.0,0.0,1.0,0.0
-0.5258841729717545,1.2875141239452024,1.8258937677270284,-0.3928950557592478,0.6755445381415498,-0.17076158738298683,-0.17586311452816475,6.719661163618754,-0.23930884326944624,0.0,1.0,0.0,0.0,0.0,1.0,0.0,1.0,0.0,0.0,0.0,0.0,0.0,1.0
0.03835481706052782,-0.9834805922003536,-0.09424816954429202,0.373729443283187,1.1113035833459415,5.8561179673106665,5.686240703077327,-0.1488170274736692,-0.23930884326944624,0.0,1.0,0.0,0.0,1.0,0.0,0.0,0.0,1.0,0.0,1.0,0.0,0.0,0.0
1.005621657115869,-0.4897860886904501,-1.017746170971128,1.1403539423256217,-0.8931880245942598,-0.17076158738298683,-0.17586311452816475,-0.1488170274736692,-0.23930884326944624,0.0,0.0,1.0,0.0,1.0,0.0,0.0,0.0,1.0,0.0,0.0,1.0,0.0,0.0
2.3759163471942686,-0.44041663833945977,-1.093093822478271,1.1403539423256217,-0.9585518813749183,-0.17076158738298683,-0.17586311452816475,-0.1488170274736692,-0.23930884326944624,0.0,0.0,1.0,0.0,1.0,0.0,0.0,0.0,1.0,0.0,0.0,1.0,0.0,0.0
-1.0901231630040369,0.9912974218392603,0.07039134170345922,-0.3928950557592478,-1.1219615233265652,-0.17076158738298683,-0.17586311452816475,-0.1488170274736692,-0.23930884326944624,0.0,0.0,1.0,0.0,0.0,0.0,1.0,1.0,0.0,0.0,0.0,1.0,0.0,0.0
0.03835481706052782,-0.7860027907963922,-1.1743127195573995,1.1403539423256217,-0.6535205497318441,-0.17076158738298683,-0.17586311452816475,-0.1488170274736692,-0.23930884326944624,1.0,0.0,0.0,0.0,1.0,0.0,0.0,0.0,1.0,0.0,1.0,0.0,0.0,0.0
0.4413826670835866,-0.5391555390414404,0.027335540842234426,0.373729443283187,0.40319513488880504,-0.17076158738298683,-0.17586311452816475,-0.1488170274736692,-0.23930884326944624,1.0,0.0,0.0,0.0,0.0,0.0,1.0,0.0,1.0,0.0,1.0,0.0,0.0,0.0
1.8922829271665982,-1.1315889432533246,-1.6738578636404717,-1.1595195548016826,-0.31580728969844085,-0.17076158738298683,-0.17586311452816475,-0.1488170274736692,-0.23930884326944624,1.0,0.0,0.0,0.0,1.0,0.0,0.0,1.0,0.0,0.0,0.0,0.0,0.0,1.0
-0.6064897429763663,-1.3784361950082764,-0.09424816954429202,0.373729443283187,-1.1001735710663456,-0.17076158738298683,5.686240703077327,-0.1488170274736692,-0.23930884326944624,1.0,0.0,0.0,0.0,0.0,0.0,1.0,0.0,1.0,0.0,0.0,0.0,0.0,1.0
0.4413826670835866,0.6457112693823278,-0.22121385503847152,-1.1595195548016826,0.5121348961899029,-0.17076158738298683,-0.17586311452816475,-0.1488170274736692,-0.23930884326944624,1.0,0.0,0.0,0.0,1.0,0.0,0.0,0.0,0.0,1.0,0.0,1.0,0.0,0.0
0.4413826670835866,-0.8353722411473825,-0.10672456638476065,-0.3928950557592478,1.0677276788255023,-0.17076158738298683,-0.17586311452816475,-0.1488170274736692,-0.23930884326944624,1.0,0.0,0.0,0.0,0.0,0.0,1.0,0.0,1.0,0.0,0.0,0.0,0.0,1.0
-0.20346189295330747,-0.6378944397434212,0.6389236212573575,-1.1595195548016826,0.9914698459147343,-0.17076158738298683,-0.17586311452816475,-0.1488170274736692,-0.23930884326944624,0.0,1.0,0.0,0.0,0.0,0.0,1.0,0.0,1.0,0.0,1.0,0.0,0.0,0.0
0.3607770970789749,1.090036322541241,-0.745222522338149,0.373729443283187,-1.0348097142856867,-0.17076158738298683,-0.17586311452816475,-0.1488170274736692,-0.23930884326944624,1.0,0.0,0.0,0.0,1.0,0.0,0.0,0.0,1.0,0.0,0.0,0.0,1.0,0.0
-1.0901231630040369,-0.9834805922003536,-0.03529107859227423,-1.1595195548016826,0.9152120130039655,-0.17076158738298683,-0.17586311452816475,-0.1488170274736692,-0.23930884326944624,0.0,0.0,1.0,0.0,0.0,0.0,1.0,1.0,0.0,0.0,0.0,0.0,0.0,1.0
-1.0095175929994251,0.3988640176273761,0.19564458057247655,0.373729443283187,-0.1306096954865745,-0.17076158738298683,-0.17586311452816475,-0.1488170274736692,-0.23930884326944624,1.0,0.0,0.0,0.0,0.0,0.0,1.0,1.0,0.0,0.0,1.0,0.0,0.0,0.0
-0.36467303296253095,-0.44041663833945977,-1.2809736807817969,0.373729443283187,0.0872698271156213,-0.17076158738298683,-0.17586311452816475,-0.1488170274736692,-0.23930884326944624,0.0,1.0,0.0,0.0,1.0,0.0,0.0,0.0,1.0,0.0,1.0,0.0,0.0,0.0
-0.1228563229486957,-0.44041663833945977,0.02880335223523078,0.373729443283187,0.40319513488880504,-0.17076158738298683,-0.17586311452816475,-0.1488170274736692,-0.23930884326944624,1.0,0.0,0.0,0.0,0.0,0.0,1.0,1.0,0.0,0.0,1.0,0.0,0.0,0.0
0.6025938070928101,-0.09483048588252734,0.050331252665843,2.673602940410491,1.0568337026953925,-0.17076158738298683,-0.17586311452816475,-0.1488170274736692,-0.23930884326944624,0.0,0.0,1.0,0.0,0.0,0.0,1.0,0.0,1.0,0.0,1.0,0.0,0.0,0.0
-0.7677008829855898,-1.329066744657286,-1.2961410651760918,0.373729443283187,-0.021669934185476598,-0.17076158738298683,-0.17586311452816475,-0.1488170274736692,4.178700570935715,1.0,0.0,0.0,0.0,1.0,0.0,0.0,1.0,0.0,0.0,1.0,0.0,0.0,0.0
0.19956595706975133,-0.9834805922003536,0.5704257562508638,-0.3928950557592478,1.2856072014276982,-0.17076158738298683,-0.17586311452816475,-0.1488170274736692,-0.23930884326944624,0.0,0.0,1.0,0.0,0.0,0.0,1.0,0.0,0.0,1.0,0.0,1.0,0.0,0.0
-1.2513343030132602,-0.24293883693549836,0.20347290800178994,0.373729443283187,-1.3725229743190903,-0.17076158738298683,-0.17586311452816475,-0.1488170274736692,-0.23930884326944624,0.0,1.0,0.0,0.0,0.0,0.0,1.0,0.0,1.0,0.0,0.0,1.0,0.0,0.0
1.7310717871573746,-0.5391555390414404,0.5753184608941848,-1.1595195548016826,-0.032563910315586156,-0.17076158738298683,-0.17586311452816475,-0.1488170274736692,-0.23930884326944624,0.0,1.0,0.0,0.0,0.0,0.0,1.0,0.0,1.0,0.0,1.0,0.0,0.0,0.0
0.2801715270743631,-0.6378944397434212,-1.4624930230490054,0.373729443283187,-0.7515663349028324,-0.17076158738298683,-0.17586311452816475,-0.1488170274736692,-0.23930884326944624,0.0,1.0,0.0,0.0,1.0,0.0,0.0,1.0,0.0,0.0,0.0,0.0,0.0,1.0
-0.6064897429763663,0.5963418190313375,1.4452413464766556,0.373729443283187,0.6101806813608917,-0.17076158738298683,-0.17586311452816475,-0.1488170274736692,-0.23930884326944624,0.0,1.0,0.0,0.0,0.0,1.0,0.0,1.0,0.0,0.0,1.0,0.0,0.0,0.0
-0.4452786029671427,-0.14419993623351768,1.6639452440331035,-1.1595195548016826,-0.27223138517800144,-0.17076158738298683,-0.17586311452816475,-0.1488170274736692,-0.23930884326944624,0.0,0.0,1.0,0.0,0.0,1.0,0.0,0.0,1.0,0.0,0.0,1.0,0.0,0.0
-1.331939873017872,-1.4278056453592667,-1.1288105663745143,-0.3928950557592478,-0.021669934185476598,-0.17076158738298683,-0.17586311452816475,-0.1488170274736692,4.178700570935715,0.0,1.0,0.0,0.0,1.0,0.0,0.0,0.0,1.0,0.0,0.0,1.0,0.0,0.0
-0.042250752944083945,-0.5885249893924308,-1.8793514586599533,-0.3928950557592478,-0.8605060962039304,-0.17076158738298683,-0.17586311452816475,-0.1488170274736692,-0.23930884326944624,0.0,0.0,1.0,0.0,1.0,0.0,0.0,0.0,1.0,0.0,0.0,1.0,0.0,0.0
-1.7349677230409308,-0.6872638900944115,0.25044287257767145,-1.1595195548016826,0.3487252542382561,-0.17076158738298683,-0.17586311452816475,-0.1488170274736692,-0.23930884326944624,1.0,0.0,0.0,0.0,0.0,0.0,1.0,0.0,1.0,0.0,0.0,0.0,1.0,0.0
0.03835481706052782,-0.39104718798846944,-0.7623469885897726,-0.3928950557592478,1.1330915356061613,-0.17076158738298683,-0.17586311452816475,-0.1488170274736692,-0.23930884326944624,0.0,0.0,0.0,1.0,1.0,0.0,0.0,0.0,1.0,0.0,0.0,1.0,0.0,0.0
0.03835481706052782,0.10264731552143405,-1.191437185809023,0.373729443283187,-0.8278241678136009,5.8561179673106665,-0.17586311452816475,-0.1488170274736692,-0.23930884326944624,0.0,0.0,0.0,1.0,1.0,0.0,0.0,0.0,1.0,0.0,0.0,0.0,0.0,1.0
-0.36467303296253095,-1.0328500425513438,-0.8885787683874539,0.373729443283187,-0.021669934185476598,-0.17076158738298683,-0.17586311452816475,-0.1488170274736692,4.178700570935715,0.0,1.0,0.0,0.0,1.0,0.0,0.0,1.0,0.0,0.0,0.0,0.0,0.0,1.0
-0.7677008829855898,0.5469723686803472,1.4892756882665448,1.9069784413680564,1.0241517743050634,-0.17076158738298683,-0.17586311452816475,-0.1488170274736692,-0.23930884326944624,1.0,0.0,0.0,0.0,0.0,1.0,0.0,0.0,1.0,0.0,0.0,1.0,0.0,0.0
0.6831993770974218,1.5837308260511445,2.0264946581031893,-0.3928950557592478,1.6668963659815408,-0.17076158738298683,-0.17586311452816475,-0.1488170274736692,-0.23930884326944624,0.0,1.0,0.0,0.0,0.0,1.0,0.0,0.0,1.0,0.0,1.0,0.0,0.0,0.0
0.3607770970789749,0.4482334679783665,0.8703485508864399,-0.3928950557592478,-0.5010048839103072,-0.17076158738298683,-0.17586311452816475,-0.1488170274736692,-0.23930884326944624,0.0,0.0,0.0,1.0,0.0,0.0,1.0,1.0,0.0,0.0,0.0,0.0,1.0,0.0
-1.331939873017872,-1.0328500425513438,-0.09987477988411124,-0.3928950557592478,-0.11971571935646455,-0.17076158738298683,-0.17586311452816475,-0.1488170274736692,-0.23930884326944624,0.0,1.0,0.0,0.0,0.0,0.0,1.0,1.0,0.0,0.0,0.0,1.0,0.0,0.0
0.11896038706513958,-0.19356938658450804,2.160554765330184,0.373729443283187,-1.3616289981889804,-0.17076158738298683,-0.17586311452816475,-0.1488170274736692,-0.23930884326944624,1.0,0.0,0.0,0.0,0.0,1.0,0.0,1.0,0.0,0.0,0.0,0.0,1.0,0.0
2.2147052071850455,-0.19356938658450804,-0.4815057420631479,-0.3928950557592478,-2.8214217996236926,-0.17076158738298683,-0.17586311452816475,-0.1488170274736692,-0.23930884326944624,1.0,0.0,0.0,0.0,0.0,0.0,1.0,1.0,0.0,0.0,0.0,0.0,0.0,1.0
-1.8155732930455426,1.6331002764021347,-0.8675401384211736,-1.1595195548016826,-1.078385618806126,-0.17076158738298683,-0.17586311452816475,-0.1488170274736692,-0.23930884326944624,0.0,0.0,1.0,0.0,1.0,0.0,0.0,1.0,0.0,0.0,0.0,0.0,0.0,1.0
-0.20346189295330747,2.6698587337729323,0.6173957208267453,-1.1595195548016826,0.6319686336211108,-0.17076158738298683,-0.17586311452816475,-0.1488170274736692,-0.23930884326944624,0.0,1.0,0.0,0.0,0.0,0.0,1.0,1.0,0.0,0.0,0.0,1.0,0.0,0.0
1.97288849717121,0.6457112693823278,0.7984257926296215,-1.1595195548016826,-0.5445807884307462,-0.17076158738298683,-0.17586311452816475,-0.1488170274736692,-0.23930884326944624,0.0,0.0,0.0,1.0,0.0,0.0,1.0,0.0,0.0,1.0,0.0,0.0,0.0,1.0
-0.20346189295330747,-1.4278056453592667,-0.9296774873913501,-0.3928950557592478,-1.1110675471964555,-0.17076158738298683,-0.17586311452816475,-0.1488170274736692,-0.23930884326944624,1.0,0.0,0.0,0.0,1.0,0.0,0.0,0.0,1.0,0.0,0.0,0.0,0.0,1.0
0.03835481706052782,1.4356224749981734,0.17607376199919234,0.373729443283187,0.9696818936545144,-0.17076158738298683,-0.17586311452816475,-0.1488170274736692,-0.23930884326944624,1.0,0.0,0.0,0.0,0.0,0.0,1.0,1.0,0.0,0.0,0.0,0.0,0.0,1.0
0.4413826670835866,0.25075566657440507,-0.15907650606829485,0.373729443283187,0.9805758697846244,-0.17076158738298683,-0.17586311452816475,-0.1488170274736692,-0.23930884326944624,0.0,0.0,1.0,0.0,0.0,0.0,1.0,0.0,1.0,0.0,1.0,0.0,0.0,0.0
1.005621657115869,-1.3784361950082764,-1.5760037707740522,-0.3928950557592478,0.9261059891340755,-0.17076158738298683,-0.17586311452816475,-0.1488170274736692,-0.23930884326944624,0.0,1.0,0.0,0.0,1.0,0.0,0.0,0.0,1.0,0.0,0.0,0.0,1.0,0.0
-0.9289120229948132,2.7192281841239225,0.13106087928063953,-1.1595195548016826,0.021905970334962794,-0.17076158738298683,-0.17586311452816475,-0.1488170274736692,-0.23930884326944624,0.0,0.0,1.0,0.0,0.0,0.0,1.0,0.0,1.0,0.0,1.0,0.0,0.0,0.0
-0.1228563229486957,-0.4897860886904501,-0.7941495687713589,1.9069784413680564,-0.44653500325975826,-0.17076158738298683,-0.17586311452816475,-0.1488170274736692,-0.23930884326944624,1.0,0.0,0.0,0.0,1.0,0.0,0.0,0.0,1.0,0.0,1.0,0.0,0.0,0.0
-0.1228563229486957,0.20138621622341474,-0.16152285838995556,-0.3928950557592478,-1.808282019523482,-0.17076158738298683,-0.17586311452816475,-0.1488170274736692,-0.23930884326944624,0.0,0.0,1.0,0.0,1.0,0.0,0.0,1.0,0.0,0.0,0.0,1.0,0.0,0.0
-0.5258841729717545,-0.04546103553153699,-0.5568533935702911,1.1403539423256217,-1.0348097142856867,-0.17076158738298683,-0.17586311452816475,-0.1488170274736692,-0.23930884326944624,0.0,0.0,1.0,0.0,1.0,0.0,0.0,0.0,1.0,0.0,0.0,1.0,0.0,0.0
1.7310717871573746,-0.14419993623351768,-0.6370937497207552,0.373729443283187,0.46855899166946396,-0.17076158738298683,-0.17586311452816475,-0.1488170274736692,-0.23930884326944624,1.0,0.0,0.0,0.0,1.0,0.0,0.0,0.0,1.0,0.0,1.0,0.0,0.0,0.0
-0.9289120229948132,1.2875141239452024,1.173696238772341,0.373729443283187,-0.8931880245942598,-0.17076158738298683,-0.17586311452816475,-0.1488170274736692,-0.23930884326944624,1.0,0.0,0.0,0.0,0.0,1.0,0.0,1.0,0.0,0.0,1.0,0.0,0.0,0.0
-1.0095175929994251,-1.329066744657286,-0.35723104412279494,-0.3928950557592478,0.7082264665318796,-0.17076158738298683,-0.17586311452816475,-0.1488170274736692,-0.23930884326944624,0.0,1.0,0.0,0.0,0.0,0.0,1.0,0.0,1.0,0.0,1.0,0.0,0.0,0.0
-1.8155732930455426,-0.19356938658450804,-0.745222522338149,-0.3928950557592478,-1.808282019523482,-0.17076158738298683,-0.17586311452816475,-0.1488170274736692,-0.23930884326944624,1.0,0.0,0.0,0.0,1.0,0.0,0.0,0.0,1.0,0.0,0.0,1.0,0.0,0.0
1.97288849717121,-1.0328500425513438,-0.1492910967816531,0.373729443283187,-1.187325380107224,-0.17076158738298683,-0.17586311452816475,-0.1488170274736692,-0.23930884326944624,1.0,0.0,0.0,0.0,0.0,0.0,1.0,0.0,1.0,0.0,1.0,0.0,0.0,0.0
0.03835481706052782,0.20138621622341474,1.41588511861673,1.1403539423256217,0.7844842994426477,-0.17076158738298683,-0.17586311452816475,-0.1488170274736692,-0.23930884326944624,1.0,0.0,0.0,0.0,0.0,1.0,0.0,0.0,1.0,0.0,0.0,0.0,0.0,1.0
-1.1707287330086487,1.4356224749981734,0.7827691377709947,-1.1595195548016826,0.11995175550595114,-0.17076158738298683,-0.17586311452816475,-0.1488170274736692,-0.23930884326944624,1.0,0.0,0.0,0.0,0.0,0.0,1.0,0.0,1.0,0.0,1.0,0.0,0.0,0.0
0.03835481706052782,0.003908414819453356,-1.1141324524445513,0.373729443283187,-0.10882174322635461,-0.17076158738298683,-0.17586311452816475,-0.1488170274736692,-0.23930884326944624,0.0,1.0,0.0,0.0,1.0,0.0,0.0,1.0,0.0,0.0,1.0,0.0,0.0,0.0
1.1668327971250925,0.7938196204352989,-0.6904242303329541,-0.3928950557592478,-1.9499037092149094,-0.17076158738298683,-0.17586311452816475,-0.1488170274736692,-0.23930884326944624,0.0,1.0,0.0,0.0,1.0,0.0,0.0,1.0,0.0,0.0,0.0,0.0,1.0,0.0
0.3607770970789749,0.003908414819453356,-0.04605502880758034,0.373729443283187,0.18531561228660925,-0.17076158738298683,-0.17586311452816475,-0.1488170274736692,-0.23930884326944624,0.0,0.0,1.0,0.0,0.0,0.0,1.0,1.0,0.0,0.0,0.0,1.0,0.0,0.0
-1.8155732930455426,3.2129226876338257,1.8420396930499874,0.373729443283187,-0.3811711464790994,-0.17076158738298683,-0.17586311452816475,-0.1488170274736692,-0.23930884326944624,0.0,0.0,1.0,0.0,0.0,1.0,0.0,0.0,1.0,0.0,0.0,0.0,0.0,1.0
-1.0095175929994251,-0.34167773763747905,0.8771983373870893,-1.1595195548016826,1.6995782943718707,-0.17076158738298683,-0.17586311452816475,-0.1488170274736692,-0.23930884326944624,0.0,0.0,0.0,1.0,0.0,0.0,1.0,1.0,0.0,0.0,0.0,0.0,0.0,1.0
1.8116773571619864,-0.24293883693549836,-1.420905033580777,0.373729443283187,-0.8605060962039304,-0.17076158738298683,-0.17586311452816475,-0.1488170274736692,-0.23930884326944624,1.0,0.0,0.0,0.0,1.0,0.0,0.0,0.0,1.0,0.0,0.0,1.0,0.0,0.0
0.19956595706975133,0.003908414819453356,-1.1190251570878722,0.373729443283187,-0.021669934185476598,-0.17076158738298683,-0.17586311452816475,-0.1488170274736692,4.178700570935715,0.0,1.0,0.0,0.0,1.0,0.0,0.0,0.0,1.0,0.0,0.0,0.0,0.0,1.0
-0.28406746295791924,-0.7860027907963922,1.7725632871148294,-0.3928950557592478,0.1526336838962802,-0.17076158738298683,-0.17586311452816475,-0.1488170274736692,-0.23930884326944624,0.0,0.0,0.0,1.0,0.0,1.0,0.0,0.0,1.0,0.0,0.0,1.0,0.0,0.0
0.7638049471020336,-0.7366333404454019,0.0630522847384778,-0.3928950557592478,-0.4356410271296483,-0.17076158738298683,-0.17586311452816475,-0.1488170274736692,-0.23930884326944624,0.0,0.0,0.0,1.0,0.0,0.0,1.0,0.0,0.0,1.0,0.0,1.0,0.0,0.0
1.8922829271665982,-0.8353722411473825,-0.34940271669348116,0.373729443283187,-1.0348097142856867,-0.17076158738298683,-0.17586311452816475,-0.1488170274736692,-0.23930884326944624,0.0,1.0,0.0,0.0,0.0,0.0,1.0,1.0,0.0,0.0,0.0,0.0,0.0,1.0
-0.20346189295330747,1.1394057728922313,-0.7422868995521563,-0.3928950557592478,-0.4138530748694288,-0.17076158738298683,-0.17586311452816475,-0.1488170274736692,-0.23930884326944624,0.0,0.0,1.0,0.0,1.0,0.0,0.0,0.0,0.0,1.0,1.0,0.0,0.0,0.0
0.2801715270743631,0.4976029183293568,-1.1126646410515548,4.206851938495361,0.0872698271156213,-0.17076158738298683,-0.17586311452816475,-0.1488170274736692,-0.23930884326944624,1.0,0.0,0.0,0.0,1.0,0.0,0.0,0.0,1.0,0.0,0.0,1.0,0.0,0.0
0.03835481706052782,1.0406668721902506,-0.059754601808879156,1.9069784413680564,0.46855899166946396,-0.17076158738298683,-0.17586311452816475,-0.1488170274736692,-0.23930884326944624,0.0,0.0,1.0,0.0,0.0,0.0,1.0,0.0,1.0,0.0,0.0,0.0,0.0,1.0
1.005621657115869,1.0406668721902506,-0.6830851733679724,-0.3928950557592478,1.6451084137213217,-0.17076158738298683,-0.17586311452816475,-0.1488170274736692,-0.23930884326944624,0.0,1.0,0.0,0.0,1.0,0.0,0.0,1.0,0.0,0.0,0.0,0.0,0.0,1.0
-0.4452786029671427,-1.3784361950082764,-1.5476260838427904,0.373729443283187,-0.021669934185476598,-0.17076158738298683,-0.17586311452816475,-0.1488170274736692,4.178700570935715,0.0,0.0,1.0,0.0,1.0,0.0,0.0,1.0,0.0,0.0,1.0,0.0,0.0,0.0
1.2474383671297042,-0.19356938658450804,-0.8983641776740959,-0.3928950557592478,0.9369999652641854,-0.17076158738298683,-0.17586311452816475,-0.1488170274736692,-0.23930884326944624,0.0,0.0,1.0,0.0,1.0,0.0,0.0,1.0,0.0,0.0,1.0,0.0,0.0,0.0
-0.042250752944083945,-0.39104718798846944,-1.8260209780477543,-0.3928950557592478,0.8280602039630874,-0.17076158738298683,-0.17586311452816475,-0.1488170274736692,-0.23930884326944624,1.0,0.0,0.0,0.0,1.0,0.0,0.0,1.0,0.0,0.0,0.0,1.0,0.0,0.0
-0.1228563229486957,1.4849919253491637,0.5063313254233588,-1.1595195548016826,-0.0652458387059156,-0.17076158738298683,-0.17586311452816475,-0.1488170274736692,-0.23930884326944624,0.0,0.0,1.0,0.0,0.0,0.0,1.0,1.0,0.0,0.0,1.0,0.0,0.0,0.0
-0.5258841729717545,-0.5391555390414404,1.5156962933404776,0.373729443283187,-0.718884406512503,-0.17076158738298683,-0.17586311452816475,-0.1488170274736692,-0.23930884326944624,0.0,0.0,1.0,0.0,0.0,1.0,0.0,0.0,1.0,0.0,0.0,1.0,0.0,0.0
1.8116773571619864,0.0532778651704437,1.6928122014286975,-1.1595195548016826,-0.3484892180887703,-0.17076158738298683,-0.17586311452816475,-0.1488170274736692,-0.23930884326944624,1.0,0.0,0.0,0.0,0.0,1.0,0.0,1.0,0.0,0.0,0.0,1.0,0.0,0.0
-0.6064897429763663,-0.4897860886904501,0.6986146179058739,1.9069784413680564,0.9914698459147343,-0.17076158738298683,-0.17586311452816475,-0.1488170274736692,-0.23930884326944624,0.0,0.0,1.0,0.0,0.0,0.0,1.0,0.0,1.0,0.0,0.0,0.0,0.0,1.0
-1.7349677230409308,0.6457112693823278,-0.07443271573884197,0.373729443283187,-0.3702771703489898,-0.17076158738298683,-0.17586311452816475,-0.1488170274736692,-0.23930884326944624,0.0,1.0,0.0,0.0,0.0,0.0,1.0,0.0,1.0,0.0,0.0,1.0,0.0,0.0
-0.5258841729717545,-1.1315889432533246,-1.0265530393291056,0.373729443283187,0.6210746574910009,-0.17076158738298683,-0.17586311452816475,-0.1488170274736692,-0.23930884326944624,0.0,0.0,0.0,1.0,1.0,0.0,0.0,1.0,0.0,0.0,0.0,1.0,0.0,0.0
0.8444105171066454,1.4356224749981734,-0.23442415757543833,0.373729443283187,-0.9367639291146989,-0.17076158738298683,-0.17586311452816475,-0.1488170274736692,-0.23930884326944624,1.0,0.0,0.0,0.0,0.0,0.0,1.0,0.0,1.0,0.0,0.0,0.0,0.0,1.0
-1.0901231630040369,-0.19356938658450804,1.6389924503521671,-1.1595195548016826,0.8171662278329775,-0.17076158738298683,-0.17586311452816475,-0.1488170274736692,-0.23930884326944624,0.0,1.0,0.0,0.0,0.0,1.0,0.0,0.0,0.0,1.0,0.0,1.0,0.0,0.0
0.19956595706975133,0.4482334679783665,-0.8998319890670919,-0.3928950557592478,0.7082264665318796,-0.17076158738298683,-0.17586311452816475,-0.1488170274736692,-0.23930884326944624,1.0,0.0,0.0,0.0,1.0,0.0,0.0,0.0,1.0,0.0,0.0,1.0,0.0,0.0
0.8444105171066454,0.6950807197333182,-0.845033697061897,-0.3928950557592478,-1.7320241866127135,-0.17076158738298683,-0.17586311452816475,-0.1488170274736692,-0.23930884326944624,0.0,0.0,1.0,0.0,1.0,0.0,0.0,1.0,0.0,0.0,0.0,1.0,0.0,0.0
2.2147052071850455,-0.14419993623351768,-0.0514370039152334,-0.3928950557592478,0.7735903233125385,-0.17076158738298683,-0.17586311452816475,-0.1488170274736692,-0.23930884326944624,0.0,0.0,1.0,0.0,0.0,0.0,1.0,0.0,1.0,0.0,0.0,1.0,0.0,0.0
1.0862272271204807,0.8925585211372796,-0.7173341058712194,-0.3928950557592478,1.1221975594760514,-0.17076158738298683,-0.17586311452816475,-0.1488170274736692,-0.23930884326944624,1.0,0.0,0.0,0.0,1.0,0.0,0.0,1.0,0.0,0.0,0.0,1.0,0.0,0.0
0.4413826670835866,-1.0822194929023343,-0.47612376695549485,-0.3928950557592478,-0.021669934185476598,-0.17076158738298683,-0.17586311452816475,-0.1488170274736692,-0.23930884326944624,1.0,0.0,0.0,0.0,0.0,0.0,1.0,0.0,1.0,0.0,0.0,0.0,1.0,0.0
-0.1228563229486957,-1.329066744657286,0.09485486492006415,1.9069784413680564,-0.07613981483602555,-0.17076158738298683,-0.17586311452816475,-0.1488170274736692,-0.23930884326944624,0.0,0.0,0.0,1.0,0.0,0.0,1.0,0.0,1.0,0.0,0.0,0.0,0.0,1.0
0.19956595706975133,0.30012511692539545,0.6374558098643611,-0.3928950557592478,-0.2613374090478919,-0.17076158738298683,-0.17586311452816475,6.719661163618754,-0.23930884326944624,0.0,0.0,1.0,0.0,0.0,0.0,1.0,1.0,0.0,0.0,0.0,1.0,0.0,0.0
0.03835481706052782,0.4482334679783665,0.4221768055582379,-0.3928950557592478,2.0372915544052734,5.8561179673106665,-0.17586311452816475,-0.1488170274736692,-0.23930884326944624,0.0,0.0,0.0,1.0,0.0,0.0,1.0,0.0,1.0,0.0,1.0,0.0,0.0,0.0
-1.7349677230409308,0.4482334679783665,2.1150526121472986,-0.3928950557592478,-0.6099446452114051,-0.17076158738298683,-0.17586311452816475,-0.1488170274736692,-0.23930884326944624,1.0,0.0,0.0,0.0,0.0,1.0,0.0,0.0,1.0,0.0,0.0,1.0,0.0,0.0
-1.0901231630040369,-0.4897860886904501,-0.7760465615910713,-0.3928950557592478,1.470804795639565,-0.17076158738298683,-0.17586311452816475,-0.1488170274736692,-0.23930884326944624,1.0,0.0,0.0,0.0,1.0,0.0,0.0,1.0,0.0,0.0,0.0,1.0,0.0,0.0
0.11896038706513958,-0.5391555390414404,-0.6439435362214047,-0.3928950557592478,1.2202433446470393,-0.17076158738298683,-0.17586311452816475,-0.1488170274736692,-0.23930884326944624,0.0,1.0,0.0,0.0,1.0,0.0,0.0,0.0,1.0,0.0,0.0,0.0,0.0,1.0
-0.5258841729717545,-0.39104718798846944,0.05424541638050005,-0.3928950557592478,1.2747132252975883,-0.17076158738298683,-0.17586311452816475,-0.1488170274736692,-0.23930884326944624,1.0,0.0,0.0,0.0,0.0,0.0,1.0,1.0,0.0,0.0,0.0,0.0,0.0,1.0
1.328043937134316,-0.9834805922003536,-0.9247847827480291,0.373729443283187,1.1766674401266004,-0.17076158738298683,-0.17586311452816475,-0.1488170274736692,-0.23930884326944624,0.0,1.0,0.0,0.0,1.0,0.0,0.0,0.0,0.0,1.0,1.0,0.0,0.0,0.0
0.9250160871112572,-0.5391555390414404,-0.9154886439257193,-0.3928950557592478,0.2506794690672682,-0.17076158738298683,-0.17586311452816475,-0.1488170274736692,-0.23930884326944624,1.0,0.0,0.0,0.0,1.0,0.0,0.0,1.0,0.0,0.0,0.0,0.0,1.0,0.0
0.19956595706975133,0.1520167658724244,-1.2770595170671402,-1.1595195548016826,1.1766674401266004,-0.17076158738298683,-0.17586311452816475,-0.1488170274736692,-0.23930884326944624,0.0,0.0,0.0,1.0,1.0,0.0,0.0,1.0,0.0,0.0,0.0,0.0,0.0,1.0
-0.4452786029671427,-0.09483048588252734,-1.1694200149140783,1.1403539423256217,-1.0348097142856867,-0.17076158738298683,-0.17586311452816475,-0.1488170274736692,-0.23930884326944624,0.0,1.0,0.0,0.0,1.0,0.0,0.0,0.0,0.0,1.0,0.0,0.0,0.0,1.0
-1.331939873017872,-0.24293883693549836,-0.1502696377103171,-1.1595195548016826,0.283361397457598,-0.17076158738298683,-0.17586311452816475,-0.1488170274736692,-0.23930884326944624,1.0,0.0,0.0,0.0,0.0,0.0,1.0,0.0,1.0,0.0,1.0,0.0,0.0,0.0
-0.36467303296253095,-1.4278056453592667,0.497035186601049,2.673602940410491,0.9478939413942945,-0.17076158738298683,-0.17586311452816475,-0.1488170274736692,-0.23930884326944624,1.0,0.0,0.0,0.0,0.0,0.0,1.0,0.0,1.0,0.0,0.0,1.0,0.0,0.0
-0.6064897429763663,-0.5391555390414404,-1.3832312078272053,-1.1595195548016826,1.0895156310857224,-0.17076158738298683,-0.17586311452816475,-0.1488170274736692,-0.23930884326944624,1.0,0.0,0.0,0.0,1.0,0.0,0.0,0.0,0.0,1.0,0.0,1.0,0.0,0.0
-0.9289120229948132,-1.1809583936043149,-1.0001324342551723,0.373729443283187,0.03279994646507235,-0.17076158738298683,-0.17586311452816475,-0.1488170274736692,-0.23930884326944624,0.0,0.0,0.0,1.0,1.0,0.0,0.0,0.0,1.0,0.0,0.0,1.0,0.0,0.0
0.3607770970789749,-0.8353722411473825,-0.645900618078733,0.373729443283187,0.9914698459147343,-0.17076158738298683,-0.17586311452816475,-0.1488170274736692,-0.23930884326944624,0.0,0.0,1.0,0.0,0.0,0.0,1.0,0.0,1.0,0.0,1.0,0.0,0.0,0.0
-0.36467303296253095,-0.4897860886904501,0.427069510201559,-1.1595195548016826,-0.021669934185476598,-0.17076158738298683,-0.17586311452816475,-0.1488170274736692,4.178700570935715,1.0,0.0,0.0,0.0,0.0,0.0,1.0,0.0,1.0,0.0,0.0,0.0,1.0,0.0
0.6831993770974218,0.9912974218392603,-0.06317949505920387,1.1403539423256217,0.370513206498476,-0.17076158738298683,-0.17586311452816475,-0.1488170274736692,-0.23930884326944624,0.0,1.0,0.0,0.0,0.0,0.0,1.0,0.0,1.0,0.0,0.0,1.0,0.0,0.0
-0.20346189295330747,2.7192281841239225,2.0886320070733655,-0.3928950557592478,0.7518023710523186,-0.17076158738298683,-0.17586311452816475,-0.1488170274736692,-0.23930884326944624,1.0,0.0,0.0,0.0,0.0,1.0,0.0,0.0,1.0,0.0,0.0,0.0,0.0,1.0
-0.8483064529902015,-0.2923082872864887,-1.2897805491397745,0.373729443283187,0.11995175550595114,-0.17076158738298683,-0.17586311452816475,-0.1488170274736692,-0.23930884326944624,0.0,0.0,0.0,1.0,1.0,0.0,0.0,1.0,0.0,0.0,0.0,0.0,0.0,1.0
-1.8155732930455426,-0.6378944397434212,-0.585720350965885,0.373729443283187,0.29425537358770715,-0.17076158738298683,-0.17586311452816475,-0.1488170274736692,-0.23930884326944624,0.0,0.0,1.0,0.0,1.0,0.0,0.0,1.0,0.0,0.0,0.0,1.0,0.0,0.0
0.6025938070928101,0.7938196204352989,-0.22855291200345293,0.373729443283187,-0.032563910315586156,-0.17076158738298683,-0.17586311452816475,-0.1488170274736692,-0.23930884326944624,1.0,0.0,0.0,0.0,0.0,0.0,1.0,0.0,1.0,0.0,0.0,1.0,0.0,0.0
-0.6064897429763663,0.0532778651704437,-0.9306560283200143,-0.3928950557592478,0.5230288723200129,-0.17076158738298683,-0.17586311452816475,-0.1488170274736692,-0.23930884326944624,0.0,0.0,1.0,0.0,1.0,0.0,0.0,0.0,0.0,1.0,0.0,1.0,0.0,0.0
-0.687095312980978,-0.9834805922003536,-1.3998664036144968,-1.1595195548016826,0.370513206498476,-0.17076158738298683,-0.17586311452816475,-0.1488170274736692,-0.23930884326944624,0.0,0.0,1.0,0.0,1.0,0.0,0.0,0.0,1.0,0.0,0.0,1.0,0.0,0.0
2.1340996371804337,0.0532778651704437,1.1453185518410796,1.9069784413680564,2.3314289099182384,-0.17076158738298683,-0.17586311452816475,-0.1488170274736692,-0.23930884326944624,1.0,0.0,0.0,0.0,0.0,1.0,0.0,0.0,1.0,0.0,0.0,0.0,1.0,0.0
-0.4452786029671427,-0.39104718798846944,0.2161939400744244,0.373729443283187,0.0654818748554018,-0.17076158738298683,-0.17586311452816475,-0.1488170274736692,-0.23930884326944624,0.0,0.0,1.0,0.0,0.0,0.0,1.0,0.0,1.0,0.0,0.0,1.0,0.0,0.0
0.2801715270743631,-1.2303278439553054,-1.1244071321955253,-0.3928950557592478,-0.250443432917782,-0.17076158738298683,-0.17586311452816475,6.719661163618754,-0.23930884326944624,1.0,0.0,0.0,0.0,1.0,0.0,0.0,0.0,0.0,1.0,0.0,0.0,0.0,1.0
0.6831993770974218,-0.9834805922003536,0.17411668014186396,0.373729443283187,-0.07613981483602555,-0.17076158738298683,-0.17586311452816475,-0.1488170274736692,-0.23930884326944624,0.0,0.0,1.0,0.0,0.0,0.0,1.0,0.0,1.0,0.0,1.0,0.0,0.0,0.0
-1.0095175929994251,0.6950807197333182,1.4246919869747074,1.1403539423256217,1.7540481750224197,-0.17076158738298683,-0.17586311452816475,-0.1488170274736692,-0.23930884326944624,1.0,0.0,0.0,0.0,0.0,1.0,0.0,0.0,1.0,0.0,0.0,0.0,0.0,1.0
-1.8155732930455426,-0.9834805922003536,0.9364000635712737,0.373729443283187,-0.021669934185476598,-0.17076158738298683,-0.17586311452816475,-0.1488170274736692,4.178700570935715,0.0,0.0,0.0,1.0,0.0,1.0,0.0,1.0,0.0,0.0,1.0,0.0,0.0,0.0
0.4413826670835866,-0.34167773763747905,1.5895761334546248,1.1403539423256217,-0.3702771703489898,-0.17076158738298683,-0.17586311452816475,-0.1488170274736692,-0.23930884326944624,0.0,1.0,0.0,0.0,0.0,1.0,0.0,0.0,1.0,0.0,0.0,1.0,0.0,0.0
3.34318318724961,-0.2923082872864887,-0.33717095508517875,-1.1595195548016826,0.03279994646507235,-0.17076158738298683,-0.17586311452816475,-0.1488170274736692,-0.23930884326944624,1.0,0.0,0.0,0.0,0.0,0.0,1.0,0.0,1.0,0.0,1.0,0.0,0.0,0.0
0.3607770970789749,-0.9341111418493633,0.3531896700874122,0.373729443283187,-0.3484892180887703,-0.17076158738298683,-0.17586311452816475,-0.1488170274736692,-0.23930884326944624,0.0,0.0,1.0,0.0,0.0,0.0,1.0,0.0,0.0,1.0,1.0,0.0,0.0,0.0
-0.7677008829855898,1.6824697267531252,0.5400909874622738,1.1403539423256217,1.492592747899784,-0.17076158738298683,-0.17586311452816475,-0.1488170274736692,-0.23930884326944624,1.0,0.0,0.0,0.0,0.0,0.0,1.0,0.0,1.0,0.0,0.0,0.0,1.0,0.0
-1.0095175929994251,-0.7366333404454019,-1.013342736792139,0.373729443283187,-0.05435186257580566,-0.17076158738298683,-0.17586311452816475,-0.1488170274736692,-0.23930884326944624,0.0,0.0,1.0,0.0,1.0,0.0,0.0,1.0,0.0,0.0,1.0,0.0,0.0,0.0
-1.7349677230409308,-0.6378944397434212,-0.25252716475572584,-0.3928950557592478,-0.2831253613081114,-0.17076158738298683,-0.17586311452816475,-0.1488170274736692,-0.23930884326944624,0.0,1.0,0.0,0.0,0.0,0.0,1.0,0.0,1.0,0.0,0.0,1.0,0.0,0.0
-1.2513343030132602,-1.0328500425513438,1.7495675752912208,0.373729443283187,1.525274676290114,-0.17076158738298683,-0.17586311452816475,-0.1488170274736692,-0.23930884326944624,0.0,1.0,0.0,0.0,0.0,1.0,0.0,1.0,0.0,0.0,0.0,1.0,0.0,0.0
0.6831993770974218,0.3988640176273761,-1.3162011542137078,-0.3928950557592478,-1.1437494755867847,-0.17076158738298683,-0.17586311452816475,-0.1488170274736692,-0.23930884326944624,0.0,0.0,0.0,1.0,1.0,0.0,0.0,1.0,0.0,0.0,0.0,0.0,0.0,1.0
0.6025938070928101,-0.8847416914983729,-0.4340465070229344,-1.1595195548016826,-0.152397647746794,-0.17076158738298683,-0.17586311452816475,-0.1488170274736692,-0.23930884326944624,0.0,1.0,0.0,0.0,0.0,0.0,1.0,1.0,0.0,0.0,0.0,1.0,0.0,0.0
-1.8155732930455426,-1.0328500425513438,2.780949714103285,0.373729443283187,1.0568337026953925,-0.17076158738298683,-0.17586311452816475,-0.1488170274736692,-0.23930884326944624,0.0,0.0,0.0,1.0,0.0,1.0,0.0,1.0,0.0,0.0,0.0,0.0,0.0,1.0
0.3607770970789749,0.5469723686803472,-0.4717203327765058,-0.3928950557592478,-0.9803398336351378,-0.17076158738298683,-0.17586311452816475,6.719661163618754,-0.23930884326944624,0.0,1.0,0.0,0.0,0.0,0.0,1.0,0.0,0.0,1.0,0.0,1.0,0.0,0.0
-0.7677008829855898,-1.1809583936043149,-0.05045846298656905,-1.1595195548016826,0.0872698271156213,-0.17076158738298683,-0.17586311452816475,-0.1488170274736692,-0.23930884326944624,0.0,0.0,0.0,1.0,0.0,0.0,1.0,0.0,0.0,1.0,0.0,0.0,0.0,1.0
0.11896038706513958,-0.6378944397434212,-0.22023531410980715,-1.1595195548016826,-0.33759524195866036,-0.17076158738298683,-0.17586311452816475,-0.1488170274736692,-0.23930884326944624,1.0,0.0,0.0,0.0,0.0,0.0,1.0,0.0,1.0,0.0,0.0,1.0,0.0,0.0
-0.4452786029671427,-0.9341111418493633,-0.5103726994587419,-1.1595195548016826,-0.3702771703489898,-0.17076158738298683,-0.17586311452816475,-0.1488170274736692,-0.23930884326944624,0.0,0.0,0.0,1.0,1.0,0.0,0.0,0.0,1.0,0.0,0.0,1.0,0.0,0.0
-0.8483064529902015,0.30012511692539545,0.9168292449979895,1.1403539423256217,-0.021669934185476598,-0.17076158738298683,-0.17586311452816475,-0.1488170274736692,4.178700570935715,0.0,0.0,0.0,1.0,0.0,0.0,1.0,0.0,1.0,0.0,0.0,0.0,1.0,0.0
-0.9289120229948132,-0.34167773763747905,-0.09424816954429202,1.1403539423256217,0.35961923036836607,-0.17076158738298683,5.686240703077327,-0.1488170274736692,-0.23930884326944624,0.0,1.0,0.0,0.0,0.0,0.0,1.0,1.0,0.0,0.0,0.0,0.0,0.0,1.0
-0.1228563229486957,-0.2923082872864887,1.7622886073638557,-1.1595195548016826,-1.5468265924008473,-0.17076158738298683,-0.17586311452816475,-0.1488170274736692,-0.23930884326944624,0.0,0.0,1.0,0.0,0.0,1.0,0.0,1.0,0.0,0.0,1.0,0.0,0.0,0.0
2.295310777189657,-0.34167773763747905,-0.06415803598786786,-0.3928950557592478,-0.010775958055366654,-0.17076158738298683,-0.17586311452816475,-0.1488170274736692,-0.23930884326944624,1.0,0.0,0.0,0.0,0.0,0.0,1.0,0.0,1.0,0.0,0.0,0.0,0.0,1.0
1.1668327971250925,1.1394057728922313,0.4838248840640822,-0.3928950557592478,-1.4705687594900783,-0.17076158738298683,-0.17586311452816475,-0.1488170274736692,-0.23930884326944624,1.0,0.0,0.0,0.0,0.0,0.0,1.0,0.0,1.0,0.0,1.0,0.0,0.0,0.0
-0.28406746295791924,-0.19356938658450804,-0.9795830747532241,-1.1595195548016826,0.29425537358770715,-0.17076158738298683,-0.17586311452816475,-0.1488170274736692,-0.23930884326944624,1.0,0.0,0.0,0.0,1.0,0.0,0.0,0.0,1.0,0.0,0.0,0.0,0.0,1.0
-0.7677008829855898,-0.9341111418493633,-0.23344561664677396,-1.1595195548016826,0.6864385142716598,-0.17076158738298683,-0.17586311452816475,-0.1488170274736692,-0.23930884326944624,0.0,0.0,0.0,1.0,1.0,0.0,0.0,0.0,0.0,1.0,1.0,0.0,0.0,0.0
0.5219882370881984,-0.24293883693549836,0.13546431345962823,-1.1595195548016826,-0.021669934185476598,-0.17076158738298683,-0.17586311452816475,-0.1488170274736692,4.178700570935715,0.0,0.0,1.0,0.0,0.0,0.0,1.0,1.0,0.0,0.0,1.0,0.0,0.0,0.0
-0.7677008829855898,1.3368835742961926,0.303284082725538,-0.3928950557592478,0.6319686336211108,-0.17076158738298683,-0.17586311452816475,-0.1488170274736692,-0.23930884326944624,1.0,0.0,0.0,0.0,0.0,0.0,1.0,1.0,0.0,0.0,0.0,0.0,0.0,1.0
0.2801715270743631,-0.04546103553153699,-1.489402898587271,1.9069784413680564,-1.699342258222384,-0.17076158738298683,-0.17586311452816475,-0.1488170274736692,-0.23930884326944624,1.0,0.0,0.0,0.0,1.0,0.0,0.0,0.0,1.0,0.0,0.0,1.0,0.0,0.0
0.7638049471020336,-0.8847416914983729,0.1476960750679307,-1.1595195548016826,0.8171662278329775,-0.17076158738298683,-0.17586311452816475,-0.1488170274736692,-0.23930884326944624,1.0,0.0,0.0,0.0,0.0,0.0,1.0,1.0,0.0,0.0,0.0,1.0,0.0,0.0
1.0862272271204807,0.0532778651704437,-0.4404070230592515,-0.3928950557592478,-0.5663687406909661,-0.17076158738298683,-0.17586311452816475,-0.1488170274736692,-0.23930884326944624,0.0,1.0,0.0,0.0,1.0,0.0,0.0,0.0,1.0,0.0,0.0,0.0,0.0,1.0
0.4413826670835866,-1.1809583936043149,0.09925829909905284,0.373729443283187,-0.021669934185476598,-0.17076158738298683,-0.17586311452816475,-0.1488170274736692,4.178700570935715,1.0,0.0,0.0,0.0,0.0,0.0,1.0,1.0,0.0,0.0,1.0,0.0,0.0,0.0
1.7310717871573746,1.0406668721902506,-0.745222522338149,0.373729443283187,0.46855899166946396,-0.17076158738298683,-0.17586311452816475,-0.1488170274736692,-0.23930884326944624,0.0,0.0,0.0,1.0,1.0,0.0,0.0,0.0,1.0,0.0,0.0,0.0,0.0,1.0
0.19956595706975133,1.3862530246471831,0.5694472153221994,-0.3928950557592478,0.31604332584792705,-0.17076158738298683,-0.17586311452816475,-0.1488170274736692,-0.23930884326944624,1.0,0.0,0.0,0.0,0.0,0.0,1.0,1.0,0.0,0.0,0.0,1.0,0.0,0.0
-0.6064897429763663,-0.04546103553153699,-0.9282096759983538,-0.3928950557592478,0.6755445381415498,-0.17076158738298683,-0.17586311452816475,-0.1488170274736692,-0.23930884326944624,1.0,0.0,0.0,0.0,1.0,0.0,0.0,0.0,1.0,0.0,0.0,0.0,0.0,1.0
1.2474383671297042,-0.04546103553153699,-0.37875894455340714,-1.1595195548016826,-0.5445807884307462,-0.17076158738298683,-0.17586311452816475,-0.1488170274736692,-0.23930884326944624,0.0,1.0,0.0,0.0,0.0,0.0,1.0,0.0,1.0,0.0,0.0,1.0,0.0,0.0
2.053494067175822,-1.1315889432533246,1.8420396930499874,-1.1595195548016826,-1.3725229743190903,-0.17076158738298683,-0.17586311452816475,-0.1488170274736692,-0.23930884326944624,0.0,0.0,1.0,0.0,0.0,1.0,0.0,1.0,0.0,0.0,0.0,1.0,0.0,0.0
0.5219882370881984,-0.44041663833945977,0.9706489960745207,1.1403539423256217,-0.9694458575050282,-0.17076158738298683,-0.17586311452816475,-0.1488170274736692,-0.23930884326944624,0.0,1.0,0.0,0.0,0.0,1.0,0.0,0.0,1.0,0.0,0.0,1.0,0.0,0.0
-0.28406746295791924,1.7812086274551058,-0.8890680388517859,-1.1595195548016826,-0.7406723587727225,-0.17076158738298683,-0.17586311452816475,-0.1488170274736692,-0.23930884326944624,0.0,1.0,0.0,0.0,1.0,0.0,0.0,0.0,1.0,0.0,1.0,0.0,0.0,0.0
-0.042250752944083945,-0.7366333404454019,0.556726183249565,-0.3928950557592478,-0.3811711464790994,-0.17076158738298683,-0.17586311452816475,-0.1488170274736692,-0.23930884326944624,0.0,0.0,1.0,0.0,0.0,0.0,1.0,0.0,1.0,0.0,1.0,0.0,0.0,0.0
-0.36467303296253095,-0.8847416914983729,-0.09424816954429202,2.673602940410491,-1.0239157381555772,-0.17076158738298683,5.686240703077327,-0.1488170274736692,-0.23930884326944624,0.0,0.0,1.0,0.0,1.0,0.0,0.0,0.0,1.0,0.0,0.0,0.0,1.0,0.0
2.1340996371804337,0.20138621622341474,-0.3220035706908839,-0.3928950557592478,-1.9934796137353483,-0.17076158738298683,-0.17586311452816475,-0.1488170274736692,-0.23930884326944624,0.0,0.0,0.0,1.0,0.0,0.0,1.0,0.0,1.0,0.0,0.0,1.0,0.0,0.0
0.19956595706975133,-0.6378944397434212,0.13203942020930354,1.1403539423256217,-0.250443432917782,-0.17076158738298683,-0.17586311452816475,-0.1488170274736692,-0.23930884326944624,1.0,0.0,0.0,0.0,0.0,0.0,1.0,0.0,1.0,0.0,0.0,1.0,0.0,0.0
0.4413826670835866,-0.9341111418493633,1.8836276825182163,-1.1595195548016826,0.2506794690672682,-0.17076158738298683,-0.17586311452816475,-0.1488170274736692,-0.23930884326944624,0.0,1.0,0.0,0.0,0.0,1.0,0.0,0.0,1.0,0.0,1.0,0.0,0.0,0.0
0.4413826670835866,-0.2923082872864887,-0.4066473610203368,0.373729443283187,-0.18507957613712345,-0.17076158738298683,-0.17586311452816475,-0.1488170274736692,-0.23930884326944624,0.0,0.0,1.0,0.0,0.0,0.0,1.0,0.0,0.0,1.0,0.0,0.0,0.0,1.0
-0.042250752944083945,0.10264731552143405,-1.7717119565068915,1.1403539423256217,-1.0348097142856867,-0.17076158738298683,-0.17586311452816475,-0.1488170274736692,-0.23930884326944624,0.0,1.0,0.0,0.0,1.0,0.0,0.0,0.0,0.0,1.0,0.0,1.0,0.0,0.0
-0.5258841729717545,2.225533680614019,0.11882911767233706,-0.3928950557592478,0.9914698459147343,-0.17076158738298683,-0.17586311452816475,6.719661163618754,-0.23930884326944624,0.0,0.0,1.0,0.0,0.0,0.0,1.0,0.0,1.0,0.0,0.0,0.0,0.0,1.0
0.3607770970789749,-1.1809583936043149,-0.7926817573783626,-1.1595195548016826,-1.241795260757773,-0.17076158738298683,-0.17586311452816475,-0.1488170274736692,-0.23930884326944624,0.0,1.0,0.0,0.0,0.0,0.0,1.0,0.0,1.0,0.0,1.0,0.0,0.0,0.0
0.2801715270743631,-0.8847416914983729,-0.27454433565067043,-0.3928950557592478,-0.195973552267233,-0.17076158738298683,-0.17586311452816475,-0.1488170274736692,-0.23930884326944624,0.0,0.0,0.0,1.0,0.0,0.0,1.0,1.0,0.0,0.0,0.0,0.0,0.0,1.0
0.03835481706052782,-0.44041663833945977,0.028314081770898777,-0.3928950557592478,-0.8060362155533815,5.8561179673106665,-0.17586311452816475,-0.1488170274736692,-0.23930884326944624,0.0,0.0,1.0,0.0,0.0,0.0,1.0,0.0,1.0,0.0,0.0,0.0,1.0,0.0
0.3607770970789749,-0.2923082872864887,0.09289778306273579,0.373729443283187,-0.032563910315586156,-0.17076158738298683,-0.17586311452816475,-0.1488170274736692,-0.23930884326944624,0.0,0.0,1.0,0.0,0.0,0.0,1.0,1.0,0.0,0.0,0.0,0.0,0.0,1.0
0.3607770970789749,-0.6378944397434212,1.2901426092833803,-0.3928950557592478,1.416334914989016,-0.17076158738298683,-0.17586311452816475,-0.1488170274736692,-0.23930884326944624,0.0,0.0,1.0,0.0,0.0,1.0,0.0,1.0,0.0,0.0,0.0,1.0,0.0,0.0
-0.1228563229486957,-0.9341111418493633,1.7402714364689111,1.1403539423256217,0.35961923036836607,-0.17076158738298683,-0.17586311452816475,-0.1488170274736692,-0.23930884326944624,1.0,0.0,0.0,0.0,0.0,1.0,0.0,0.0,0.0,1.0,0.0,0.0,1.0,0.0
0.11896038706513958,-0.19356938658450804,0.3404686380147774,-0.3928950557592478,-2.135101303426776,-0.17076158738298683,-0.17586311452816475,-0.1488170274736692,-0.23930884326944624,0.0,1.0,0.0,0.0,0.0,0.0,1.0,1.0,0.0,0.0,0.0,1.0,0.0,0.0
-1.0095175929994251,-0.4897860886904501,0.6291382119707157,0.373729443283187,0.8280602039630874,-0.17076158738298683,-0.17586311452816475,-0.1488170274736692,-0.23930884326944624,1.0,0.0,0.0,0.0,0.0,0.0,1.0,0.0,1.0,0.0,0.0,0.0,0.0,1.0
-1.0095175929994251,0.30012511692539545,0.1012153809563812,-1.1595195548016826,1.677790342111651,-0.17076158738298683,-0.17586311452816475,-0.1488170274736692,-0.23930884326944624,0.0,0.0,0.0,1.0,0.0,0.0,1.0,1.0,0.0,0.0,1.0,0.0,0.0,0.0
1.4086495071389278,-0.5391555390414404,-0.8034457075936686,-0.3928950557592478,0.5121348961899029,-0.17076158738298683,-0.17586311452816475,-0.1488170274736692,-0.23930884326944624,1.0,0.0,0.0,0.0,1.0,0.0,0.0,0.0,1.0,0.0,0.0,1.0,0.0,0.0
0.7638049471020336,-0.5391555390414404,-0.09424816954429202,-0.3928950557592478,1.2529252730373692,-0.17076158738298683,5.686240703077327,-0.1488170274736692,-0.23930884326944624,1.0,0.0,0.0,0.0,0.0,1.0,0.0,1.0,0.0,0.0,0.0,0.0,1.0,0.0
0.4413826670835866,-0.6872638900944115,2.4281857093198416,-0.3928950557592478,-0.032563910315586156,-0.17076158738298683,-0.17586311452816475,-0.1488170274736692,-0.23930884326944624,0.0,0.0,0.0,1.0,0.0,1.0,0.0,0.0,0.0,1.0,0.0,1.0,0.0,0.0
-0.20346189295330747,0.10264731552143405,-0.013763178161661664,0.373729443283187,0.00011801807474329057,-0.17076158738298683,-0.17586311452816475,-0.1488170274736692,-0.23930884326944624,0.0,0.0,1.0,0.0,0.0,0.0,1.0,0.0,1.0,0.0,0.0,0.0,0.0,1.0
1.97288849717121,0.003908414819453356,0.555747642320901,-1.1595195548016826,-1.187325380107224,-0.17076158738298683,-0.17586311452816475,-0.1488170274736692,-0.23930884326944624,0.0,1.0,0.0,0.0,0.0,0.0,1.0,1.0,0.0,0.0,0.0,0.0,0.0,1.0
-0.36467303296253095,0.3494945672763858,-0.2398061326830914,-1.1595195548016826,-0.16329162387690355,-0.17076158738298683,-0.17586311452816475,-0.1488170274736692,-0.23930884326944624,1.0,0.0,0.0,0.0,0.0,0.0,1.0,1.0,0.0,0.0,1.0,0.0,0.0,0.0
1.8922829271665982,-1.1315889432533246,-0.5490250661409777,-1.1595195548016826,-0.021669934185476598,-0.17076158738298683,-0.17586311452816475,-0.1488170274736692,4.178700570935715,1.0,0.0,0.0,0.0,1.0,0.0,0.0,1.0,0.0,0.0,1.0,0.0,0.0,0.0
1.4892550771435396,-0.9341111418493633,-1.0891796587636142,-0.3928950557592478,-0.7515663349028324,-0.17076158738298683,-0.17586311452816475,-0.1488170274736692,-0.23930884326944624,0.0,0.0,0.0,1.0,1.0,0.0,0.0,0.0,1.0,0.0,0.0,1.0,0.0,0.0
-1.0095175929994251,-0.5391555390414404,-1.4522183432980313,-0.3928950557592478,-0.5118988600404172,-0.17076158738298683,-0.17586311452816475,-0.1488170274736692,-0.23930884326944624,0.0,1.0,0.0,0.0,1.0,0.0,0.0,0.0,1.0,0.0,0.0,1.0,0.0,0.0
-0.042250752944083945,-0.04546103553153699,0.273927854865612,-0.3928950557592478,-2.570860348631167,-0.17076158738298683,-0.17586311452816475,-0.1488170274736692,-0.23930884326944624,0.0,0.0,0.0,1.0,0.0,0.0,1.0,1.0,0.0,0.0,1.0,0.0,0.0,0.0
1.5698606471481513,-0.6872638900944115,-0.11553143474273841,1.9069784413680564,-0.010775958055366654,-0.17076158738298683,-0.17586311452816475,-0.1488170274736692,-0.23930884326944624,0.0,0.0,0.0,1.0,0.0,0.0,1.0,0.0,1.0,0.0,0.0,1.0,0.0,0.0
-0.042250752944083945,2.1761642302630286,-0.6424757248284083,0.373729443283187,1.3509710582083572,-0.17076158738298683,-0.17586311452816475,-0.1488170274736692,-0.23930884326944624,0.0,0.0,1.0,0.0,0.0,0.0,1.0,0.0,1.0,0.0,0.0,1.0,0.0,0.0
1.4086495071389278,-1.3784361950082764,0.3062197055115307,-0.3928950557592478,-1.078385618806126,-0.17076158738298683,-0.17586311452816475,-0.1488170274736692,-0.23930884326944624,0.0,0.0,1.0,0.0,0.0,0.0,1.0,0.0,1.0,0.0,0.0,1.0,0.0,0.0
-1.4931510130270955,0.6950807197333182,0.626202589184723,1.1403539423256217,-1.0239157381555772,-0.17076158738298683,-0.17586311452816475,-0.1488170274736692,-0.23930884326944624,0.0,1.0,0.0,0.0,0.0,0.0,1.0,1.0,0.0,0.0,0.0,1.0,0.0,0.0
-0.5258841729717545,2.817967084825903,0.8272927500252155,1.9069784413680564,0.8716361084835265,-0.17076158738298683,-0.17586311452816475,-0.1488170274736692,-0.23930884326944624,1.0,0.0,0.0,0.0,0.0,0.0,1.0,0.0,1.0,0.0,0.0,1.0,0.0,0.0
-0.4452786029671427,-1.477175095710257,0.716717625086161,-0.3928950557592478,0.7518023710523186,-0.17076158738298683,-0.17586311452816475,-0.1488170274736692,-0.23930884326944624,0.0,0.0,1.0,0.0,0.0,1.0,0.0,1.0,0.0,0.0,1.0,0.0,0.0,0.0
1.005621657115869,-1.0328500425513438,-1.1332140005535032,0.373729443283187,0.39230115875869587,-0.17076158738298683,-0.17586311452816475,-0.1488170274736692,-0.23930884326944624,1.0,0.0,0.0,0.0,1.0,0.0,0.0,0.0,1.0,0.0,0.0,1.0,0.0,0.0
0.3607770970789749,1.2875141239452024,0.5087776777450195,-0.3928950557592478,0.35961923036836607,-0.17076158738298683,-0.17586311452816475,-0.1488170274736692,-0.23930884326944624,1.0,0.0,0.0,0.0,0.0,0.0,1.0,0.0,0.0,1.0,0.0,1.0,0.0,0.0
-1.8155732930455426,1.5837308260511445,-0.9076603164964058,0.373729443283187,-0.8278241678136009,-0.17076158738298683,-0.17586311452816475,-0.1488170274736692,-0.23930884326944624,1.0,0.0,0.0,0.0,1.0,0.0,0.0,1.0,0.0,0.0,1.0,0.0,0.0,0.0
0.11896038706513958,1.2875141239452024,1.7084688562873251,-0.3928950557592478,-1.6230844253116157,-0.17076158738298683,-0.17586311452816475,-0.1488170274736692,-0.23930884326944624,1.0,0.0,0.0,0.0,0.0,1.0,0.0,1.0,0.0,0.0,0.0,1.0,0.0,0.0
-0.1228563229486957,-0.4897860886904501,-1.3915488057208512,-0.3928950557592478,-0.021669934185476598,-0.17076158738298683,-0.17586311452816475,-0.1488170274736692,4.178700570935715,0.0,1.0,0.0,0.0,1.0,0.0,0.0,1.0,0.0,0.0,0.0,0.0,0.0,1.0
-1.8155732930455426,0.9912974218392603,2.0617221315351,-0.3928950557592478,-0.0870337909661351,-0.17076158738298683,-0.17586311452816475,-0.1488170274736692,-0.23930884326944624,0.0,0.0,1.0,0.0,0.0,1.0,0.0,1.0,0.0,0.0,0.0,1.0,0.0,0.0
1.6504662171527629,-0.7366333404454019,-0.9830079680035488,0.373729443283187,0.9696818936545144,-0.17076158738298683,-0.17586311452816475,-0.1488170274736692,-0.23930884326944624,1.0,0.0,0.0,0.0,1.0,0.0,0.0,1.0,0.0,0.0,0.0,1.0,0.0,0.0
-1.1707287330086487,-0.8353722411473825,-0.5597890163562838,0.373729443283187,-1.0239157381555772,-0.17076158738298683,-0.17586311452816475,-0.1488170274736692,-0.23930884326944624,0.0,0.0,1.0,0.0,1.0,0.0,0.0,1.0,0.0,0.0,0.0,0.0,1.0,0.0
-0.4452786029671427,0.20138621622341474,-0.5720207779645862,1.1403539423256217,0.35961923036836607,-0.17076158738298683,-0.17586311452816475,-0.1488170274736692,-0.23930884326944624,1.0,0.0,0.0,0.0,1.0,0.0,0.0,0.0,1.0,0.0,0.0,1.0,0.0,0.0
-0.36467303296253095,-1.0328500425513438,0.16335272992655786,0.373729443283187,-2.483708539590289,-0.17076158738298683,-0.17586311452816475,-0.1488170274736692,-0.23930884326944624,0.0,1.0,0.0,0.0,0.0,0.0,1.0,0.0,1.0,0.0,1.0,0.0,0.0,0.0
1.5698606471481513,0.20138621622341474,0.32481198315615023,-1.1595195548016826,-1.0892795949362357,-0.17076158738298683,-0.17586311452816475,-0.1488170274736692,-0.23930884326944624,1.0,0.0,0.0,0.0,0.0,0.0,1.0,0.0,0.0,1.0,0.0,0.0,0.0,1.0
-0.36467303296253095,-0.7366333404454019,1.5000396384818508,-0.3928950557592478,1.7213662466320898,-0.17076158738298683,-0.17586311452816475,-0.1488170274736692,-0.23930884326944624,1.0,0.0,0.0,0.0,0.0,1.0,0.0,1.0,0.0,0.0,0.0,1.0,0.0,0.0
0.9250160871112572,-1.0822194929023343,-0.44481045723824053,0.373729443283187,-1.1655374278470045,-0.17076158738298683,-0.17586311452816475,-0.1488170274736692,-0.23930884326944624,0.0,0.0,0.0,1.0,0.0,0.0,1.0,1.0,0.0,0.0,1.0,0.0,0.0,0.0
0.7638049471020336,0.3494945672763858,-0.09424816954429202,-1.1595195548016826,0.9369999652641854,-0.17076158738298683,5.686240703077327,-0.1488170274736692,-0.23930884326944624,0.0,0.0,1.0,0.0,0.0,1.0,0.0,0.0,1.0,0.0,0.0,1.0,0.0,0.0
1.5698606471481513,-1.0822194929023343,1.5519023077010534,-1.1595195548016826,1.2747132252975883,-0.17076158738298683,-0.17586311452816475,-0.1488170274736692,-0.23930884326944624,0.0,0.0,1.0,0.0,0.0,1.0,0.0,1.0,0.0,0.0,0.0,1.0,0.0,0.0
-1.8155732930455426,-0.2923082872864887,0.6178849912910773,0.373729443283187,-0.010775958055366654,-0.17076158738298683,-0.17586311452816475,-0.1488170274736692,-0.23930884326944624,1.0,0.0,0.0,0.0,0.0,0.0,1.0,0.0,0.0,1.0,1.0,0.0,0.0,0.0
-0.8483064529902015,0.25075566657440507,0.47012531106278377,-0.3928950557592478,-0.021669934185476598,-0.17076158738298683,-0.17586311452816475,-0.1488170274736692,4.178700570935715,0.0,0.0,1.0,0.0,0.0,0.0,1.0,1.0,0.0,0.0,0.0,0.0,0.0,1.0
-0.9289120229948132,0.3988640176273761,0.05815958009515676,-0.3928950557592478,1.6015325092008819,-0.17076158738298683,-0.17586311452816475,-0.1488170274736692,-0.23930884326944624,0.0,0.0,1.0,0.0,0.0,0.0,1.0,0.0,1.0,0.0,1.0,0.0,0.0,0.0
2.053494067175822,-0.5885249893924308,0.8307176432755399,0.373729443283187,-0.010775958055366654,-0.17076158738298683,-0.17586311452816475,-0.1488170274736692,-0.23930884326944624,0.0,0.0,1.0,0.0,0.0,0.0,1.0,1.0,0.0,0.0,1.0,0.0,0.0,0.0
-0.9289120229948132,1.7318391771041155,-0.8998319890670919,1.1403539423256217,-2.331192873768752,-0.17076158738298683,-0.17586311452816475,-0.1488170274736692,-0.23930884326944624,0.0,0.0,0.0,1.0,1.0,0.0,0.0,0.0,1.0,0.0,1.0,0.0,0.0,0.0
-0.042250752944083945,-0.9834805922003536,-0.30243275211760007,1.1403539423256217,1.0459397265652832,-0.17076158738298683,-0.17586311452816475,-0.1488170274736692,-0.23930884326944624,0.0,1.0,0.0,0.0,0.0,0.0,1.0,0.0,1.0,0.0,1.0,0.0,0.0,0.0
0.9250160871112572,-0.39104718798846944,-1.400844944543161,-1.1595195548016826,0.6755445381415498,-0.17076158738298683,-0.17586311452816475,-0.1488170274736692,-0.23930884326944624,0.0,0.0,0.0,1.0,1.0,0.0,0.0,1.0,0.0,0.0,1.0,0.0,0.0,0.0
-0.36467303296253095,-0.9834805922003536,2.0069238395299047,-0.3928950557592478,1.1548794878663813,-0.17076158738298683,-0.17586311452816475,-0.1488170274736692,-0.23930884326944624,1.0,0.0,0.0,0.0,0.0,1.0,0.0,0.0,1.0,0.0,0.0,0.0,0.0,1.0
-0.28406746295791924,0.9912974218392603,2.095971064038347,0.373729443283187,1.0350457504351733,-0.17076158738298683,-0.17586311452816475,-0.1488170274736692,-0.23930884326944624,0.0,0.0,1.0,0.0,0.0,1.0,0.0,0.0,1.0,0.0,1.0,0.0,0.0,0.0
0.6831993770974218,0.5963418190313375,0.027335540842234426,-0.3928950557592478,-0.46832295551997777,-0.17076158738298683,-0.17586311452816475,-0.1488170274736692,-0.23930884326944624,0.0,0.0,0.0,1.0,0.0,0.0,1.0,1.0,0.0,0.0,0.0,1.0,0.0,0.0
0.6831993770974218,0.4482334679783665,1.4134387662950696,-0.3928950557592478,-0.816930191683491,-0.17076158738298683,-0.17586311452816475,-0.1488170274736692,-0.23930884326944624,0.0,1.0,0.0,0.0,0.0,1.0,0.0,0.0,1.0,0.0,1.0,0.0,0.0,0.0
-1.8155732930455426,0.003908414819453356,1.669816489605089,-0.3928950557592478,1.0786216549556122,-0.17076158738298683,-0.17586311452816475,-0.1488170274736692,-0.23930884326944624,0.0,0.0,1.0,0.0,0.0,1.0,0.0,1.0,0.0,0.0,1.0,0.0,0.0,0.0
0.9250160871112572,0.10264731552143405,0.6873613972262353,0.373729443283187,1.1548794878663813,-0.17076158738298683,-0.17586311452816475,-0.1488170274736692,-0.23930884326944624,1.0,0.0,0.0,0.0,0.0,0.0,1.0,0.0,1.0,0.0,0.0,1.0,0.0,0.0
-0.6064897429763663,-0.14419993623351768,0.3893956844479872,-0.3928950557592478,0.10905777937584119,-0.17076158738298683,-0.17586311452816475,-0.1488170274736692,-0.23930884326944624,0.0,0.0,1.0,0.0,0.0,0.0,1.0,0.0,1.0,0.0,0.0,1.0,0.0,0.0
0.03835481706052782,0.7938196204352989,-0.07541125666750632,-1.1595195548016826,0.05458789872529224,-0.17076158738298683,-0.17586311452816475,-0.1488170274736692,-0.23930884326944624,1.0,0.0,0.0,0.0,1.0,0.0,0.0,0.0,1.0,0.0,0.0,0.0,0.0,1.0
-0.36467303296253095,0.0532778651704437,-0.48101647159881594,0.373729443283187,-0.620838621341515,-0.17076158738298683,-0.17586311452816475,-0.1488170274736692,-0.23930884326944624,0.0,0.0,0.0,1.0,0.0,0.0,1.0,0.0,1.0,0.0,0.0,0.0,0.0,1.0
-1.8155732930455426,-0.8353722411473825,-0.7760465615910713,-1.1595195548016826,-1.9825856376052384,-0.17076158738298683,-0.17586311452816475,-0.1488170274736692,-0.23930884326944624,0.0,0.0,0.0,1.0,1.0,0.0,0.0,1.0,0.0,0.0,1.0,0.0,0.0,0.0
0.8444105171066454,1.238144673594212,-1.5094629876248868,0.373729443283187,-0.021669934185476598,-0.17076158738298683,-0.17586311452816475,-0.1488170274736692,4.178700570935715,1.0,0.0,0.0,0.0,1.0,0.0,0.0,1.0,0.0,0.0,0.0,0.0,0.0,1.0
1.0862272271204807,-0.8353722411473825,-0.8078491417726577,0.373729443283187,0.18531561228660925,-0.17076158738298683,-0.17586311452816475,-0.1488170274736692,-0.23930884326944624,0.0,0.0,1.0,0.0,1.0,0.0,0.0,1.0,0.0,0.0,0.0,1.0,0.0,0.0
0.6025938070928101,-0.6872638900944115,1.5954473790266102,1.9069784413680564,1.307395153687918,-0.17076158738298683,-0.17586311452816475,-0.1488170274736692,-0.23930884326944624,1.0,0.0,0.0,0.0,0.0,1.0,0.0,0.0,1.0,0.0,0.0,1.0,0.0,0.0
-1.331939873017872,3.1635532372828354,-0.7339693016585106,-0.3928950557592478,-2.113313351166556,-0.17076158738298683,-0.17586311452816475,-0.1488170274736692,-0.23930884326944624,1.0,0.0,0.0,0.0,1.0,0.0,0.0,0.0,1.0,0.0,0.0,0.0,0.0,1.0
3.1013664772357745,-0.04546103553153699,-1.7306132375029954,-1.1595195548016826,1.9065638408439565,-0.17076158738298683,-0.17586311452816475,-0.1488170274736692,-0.23930884326944624,1.0,0.0,0.0,0.0,1.0,0.0,0.0,0.0,0.0,1.0,1.0,0.0,0.0,0.0
-0.8483064529902015,-1.1809583936043149,2.1292414556129295,-1.1595195548016826,1.8303060079331877,-0.17076158738298683,-0.17586311452816475,-0.1488170274736692,-0.23930884326944624,0.0,0.0,1.0,0.0,0.0,1.0,0.0,1.0,0.0,0.0,0.0,1.0,0.0,0.0
-0.1228563229486957,0.7444501700843086,1.6052327883132524,-1.1595195548016826,0.11995175550595114,-0.17076158738298683,-0.17586311452816475,-0.1488170274736692,-0.23930884326944624,0.0,0.0,0.0,1.0,0.0,1.0,0.0,1.0,0.0,0.0,0.0,1.0,0.0,0.0
0.6831993770974218,0.25075566657440507,0.06354155520280981,-0.3928950557592478,-1.3725229743190903,-0.17076158738298683,-0.17586311452816475,6.719661163618754,-0.23930884326944624,0.0,1.0,0.0,0.0,0.0,0.0,1.0,0.0,0.0,1.0,0.0,0.0,0.0,1.0
-0.20346189295330747,0.6950807197333182,-1.2565101575651918,-0.3928950557592478,-0.5445807884307462,-0.17076158738298683,-0.17586311452816475,-0.1488170274736692,-0.23930884326944624,0.0,1.0,0.0,0.0,1.0,0.0,0.0,0.0,1.0,0.0,1.0,0.0,0.0,0.0
-0.042250752944083945,0.25075566657440507,0.18585917128583443,-1.1595195548016826,-2.2985109453784225,-0.17076158738298683,-0.17586311452816475,-0.1488170274736692,-0.23930884326944624,0.0,1.0,0.0,0.0,0.0,0.0,1.0,0.0,0.0,1.0,1.0,0.0,0.0,0.0
-1.4125454430224837,-0.5391555390414404,1.5274387844844486,-0.3928950557592478,0.1962095884167192,-0.17076158738298683,-0.17586311452816475,-0.1488170274736692,-0.23930884326944624,0.0,0.0,1.0,0.0,0.0,1.0,0.0,0.0,1.0,0.0,0.0,0.0,1.0,0.0
0.3607770970789749,-0.14419993623351768,0.37373902958936006,0.373729443283187,-0.675308501992064,-0.17076158738298683,-0.17586311452816475,-0.1488170274736692,-0.23930884326944624,0.0,0.0,1.0,0.0,0.0,0.0,1.0,0.0,1.0,0.0,0.0,1.0,0.0,0.0
1.8116773571619864,0.30012511692539545,1.7828379668658039,0.373729443283187,2.9850674777248254,-0.17076158738298683,-0.17586311452816475,-0.1488170274736692,-0.23930884326944624,0.0,0.0,1.0,0.0,0.0,1.0,0.0,0.0,1.0,0.0,0.0,0.0,0.0,1.0
-0.36467303296253095,0.20138621622341474,-0.46584908720452073,0.373729443283187,1.242031296907259,-0.17076158738298683,-0.17586311452816475,-0.1488170274736692,-0.23930884326944624,0.0,0.0,0.0,1.0,1.0,0.0,0.0,0.0,1.0,0.0,1.0,0.0,0.0,0.0
-0.28406746295791924,0.6950807197333182,0.17509522107052833,3.440227439452926,0.7191204426619896,-0.17076158738298683,-0.17586311452816475,-0.1488170274736692,-0.23930884326944624,0.0,0.0,1.0,0.0,0.0,0.0,1.0,0.0,1.0,0.0,0.0,0.0,0.0,1.0
-0.8483064529902015,-1.2303278439553054,-0.9732225587169069,0.373729443283187,-0.021669934185476598,-0.17076158738298683,-0.17586311452816475,-0.1488170274736692,4.178700570935715,0.0,1.0,0.0,0.0,1.0,0.0,0.0,1.0,0.0,0.0,0.0,1.0,0.0,0.0
-0.5258841729717545,0.10264731552143405,-1.1899693744160265,-0.3928950557592478,-1.4923567117502983,-0.17076158738298683,-0.17586311452816475,-0.1488170274736692,-0.23930884326944624,0.0,1.0,0.0,0.0,1.0,0.0,0.0,0.0,0.0,1.0,0.0,0.0,0.0,1.0
0.3607770970789749,-0.14419993623351768,-1.1493599258764622,1.9069784413680564,0.8934240607437456,-0.17076158738298683,-0.17586311452816475,-0.1488170274736692,-0.23930884326944624,1.0,0.0,0.0,0.0,1.0,0.0,0.0,0.0,1.0,0.0,0.0,1.0,0.0,0.0
-0.28406746295791924,-0.44041663833945977,-1.570621795666399,-1.1595195548016826,-0.5772627168210757,-0.17076158738298683,-0.17586311452816475,-0.1488170274736692,-0.23930884326944624,0.0,0.0,1.0,0.0,1.0,0.0,0.0,1.0,0.0,0.0,0.0,1.0,0.0,0.0
-0.1228563229486957,-1.2796972943062956,0.39967036419896135,-0.3928950557592478,0.49034694392968387,-0.17076158738298683,-0.17586311452816475,-0.1488170274736692,-0.23930884326944624,0.0,0.0,0.0,1.0,0.0,0.0,1.0,0.0,1.0,0.0,0.0,0.0,0.0,1.0
-0.28406746295791924,-1.2796972943062956,1.9305976470940973,-0.3928950557592478,-0.010775958055366654,-0.17076158738298683,-0.17586311452816475,-0.1488170274736692,-0.23930884326944624,1.0,0.0,0.0,0.0,0.0,1.0,0.0,0.0,0.0,1.0,0.0,0.0,0.0,1.0
-0.28406746295791924,-0.6378944397434212,-0.8513942130982145,3.440227439452926,0.35961923036836607,-0.17076158738298683,-0.17586311452816475,-0.1488170274736692,-0.23930884326944624,0.0,0.0,0.0,1.0,1.0,0.0,0.0,0.0,1.0,0.0,0.0,1.0,0.0,0.0
-0.36467303296253095,0.003908414819453356,-0.5294542475676934,0.373729443283187,-0.620838621341515,-0.17076158738298683,-0.17586311452816475,-0.1488170274736692,-0.23930884326944624,0.0,0.0,1.0,0.0,1.0,0.0,0.0,0.0,1.0,0.0,1.0,0.0,0.0,0.0
-0.6064897429763663,1.0406668721902506,0.7940223584506325,-0.3928950557592478,1.1548794878663813,-0.17076158738298683,-0.17586311452816475,-0.1488170274736692,-0.23930884326944624,0.0,0.0,1.0,0.0,0.0,0.0,1.0,1.0,0.0,0.0,0.0,0.0,1.0,0.0
0.6831993770974218,0.1520167658724244,-0.6243727176481207,0.373729443283187,1.8411999840632975,-0.17076158738298683,-0.17586311452816475,-0.1488170274736692,-0.23930884326944624,1.0,0.0,0.0,0.0,1.0,0.0,0.0,0.0,1.0,0.0,0.0,0.0,0.0,1.0
-0.6064897429763663,-1.1809583936043149,-0.8440551561332327,-1.1595195548016826,-1.753812138872933,-0.17076158738298683,-0.17586311452816475,-0.1488170274736692,-0.23930884326944624,0.0,0.0,1.0,0.0,1.0,0.0,0.0,1.0,0.0,0.0,0.0,1.0,0.0,0.0
-0.8483064529902015,-0.2923082872864887,1.9922457255999422,-0.3928950557592478,1.5361686524202238,-0.17076158738298683,-0.17586311452816475,-0.1488170274736692,-0.23930884326944624,0.0,0.0,1.0,0.0,0.0,1.0,0.0,1.0,0.0,0.0,0.0,0.0,1.0,0.0
0.03835481706052782,-0.39104718798846944,-0.8812397114224725,-0.3928950557592478,-1.3071591175384316,5.8561179673106665,-0.17586311452816475,-0.1488170274736692,-0.23930884326944624,1.0,0.0,0.0,0.0,1.0,0.0,0.0,0.0,1.0,0.0,0.0,0.0,1.0,0.0
0.19956595706975133,-0.7860027907963922,-0.09424816954429202,-0.3928950557592478,-0.4901109077801973,-0.17076158738298683,5.686240703077327,-0.1488170274736692,-0.23930884326944624,1.0,0.0,0.0,0.0,0.0,0.0,1.0,1.0,0.0,0.0,0.0,0.0,1.0,0.0
0.5219882370881984,0.6950807197333182,0.09827975817038885,1.1403539423256217,1.1984553923868202,-0.17076158738298683,-0.17586311452816475,-0.1488170274736692,-0.23930884326944624,0.0,1.0,0.0,0.0,0.0,0.0,1.0,0.0,1.0,0.0,0.0,1.0,0.0,0.0
0.8444105171066454,-0.5391555390414404,-0.8655830565638453,-0.3928950557592478,-0.5118988600404172,-0.17076158738298683,-0.17586311452816475,-0.1488170274736692,-0.23930884326944624,1.0,0.0,0.0,0.0,1.0,0.0,0.0,0.0,0.0,1.0,0.0,1.0,0.0,0.0
-1.4125454430224837,1.1887752232432216,-1.0314457439724265,-1.1595195548016826,-0.2395494567876724,-0.17076158738298683,-0.17586311452816475,-0.1488170274736692,-0.23930884326944624,1.0,0.0,0.0,0.0,1.0,0.0,0.0,1.0,0.0,0.0,0.0,1.0,0.0,0.0
0.6831993770974218,0.30012511692539545,-1.047591669295386,3.440227439452926,0.011011994204852849,-0.17076158738298683,-0.17586311452816475,-0.1488170274736692,-0.23930884326944624,0.0,0.0,1.0,0.0,1.0,0.0,0.0,0.0,1.0,0.0,1.0,0.0,0.0,0.0
-0.687095312980978,-0.24293883693549836,2.094503252645351,-0.3928950557592478,1.2529252730373692,-0.17076158738298683,-0.17586311452816475,-0.1488170274736692,-0.23930884326944624,0.0,1.0,0.0,0.0,0.0,1.0,0.0,1.0,0.0,0.0,1.0,0.0,0.0,0.0
0.03835481706052782,-0.04546103553153699,-0.3244499230125443,0.373729443283187,0.07637585098551174,5.8561179673106665,-0.17586311452816475,-0.1488170274736692,-0.23930884326944624,0.0,0.0,1.0,0.0,1.0,0.0,0.0,0.0,1.0,0.0,1.0,0.0,0.0,0.0
-1.8155732930455426,1.0406668721902506,-0.7300551379438539,-0.3928950557592478,-2.342086849898862,-0.17076158738298683,-0.17586311452816475,-0.1488170274736692,-0.23930884326944624,0.0,0.0,0.0,1.0,1.0,0.0,0.0,0.0,1.0,0.0,0.0,1.0,0.0,0.0
-0.6064897429763663,-0.19356938658450804,0.07430550541811592,-0.3928950557592478,2.571096384780654,-0.17076158738298683,-0.17586311452816475,-0.1488170274736692,-0.23930884326944624,1.0,0.0,0.0,0.0,0.0,0.0,1.0,1.0,0.0,0.0,0.0,0.0,1.0,0.0
-1.5737565830317073,0.8431890707862892,0.4285373215945553,1.1403539423256217,-0.620838621341515,-0.17076158738298683,-0.17586311452816475,-0.1488170274736692,-0.23930884326944624,0.0,0.0,0.0,1.0,0.0,0.0,1.0,1.0,0.0,0.0,1.0,0.0,0.0,0.0
0.4413826670835866,0.8431890707862892,0.38988495491231956,0.373729443283187,-0.5772627168210757,-0.17076158738298683,-0.17586311452816475,-0.1488170274736692,-0.23930884326944624,0.0,0.0,0.0,1.0,0.0,0.0,1.0,1.0,0.0,0.0,0.0,0.0,1.0,0.0
0.6831993770974218,-1.1315889432533246,-0.5974628421098551,-0.3928950557592478,-1.2526892368878826,-0.17076158738298683,-0.17586311452816475,-0.1488170274736692,-0.23930884326944624,0.0,1.0,0.0,0.0,0.0,0.0,1.0,1.0,0.0,0.0,1.0,0.0,0.0,0.0
0.11896038706513958,-0.9834805922003536,-0.9952397296118514,1.1403539423256217,-0.29401933743822134,-0.17076158738298683,-0.17586311452816475,-0.1488170274736692,-0.23930884326944624,0.0,1.0,0.0,0.0,1.0,0.0,0.0,0.0,1.0,0.0,0.0,1.0,0.0,0.0
-0.9289120229948132,-1.2303278439553054,-0.21974604364547518,0.373729443283187,0.043693922595182295,-0.17076158738298683,-0.17586311452816475,-0.1488170274736692,-0.23930884326944624,0.0,0.0,1.0,0.0,1.0,0.0,0.0,0.0,1.0,0.0,1.0,0.0,0.0,0.0
-0.042250752944083945,-1.329066744657286,-0.6018662762888441,0.373729443283187,-0.021669934185476598,-0.17076158738298683,-0.17586311452816475,-0.1488170274736692,4.178700570935715,1.0,0.0,0.0,0.0,1.0,0.0,0.0,0.0,1.0,0.0,0.0,0.0,0.0,1.0
-1.1707287330086487,-0.39104718798846944,-0.09424816954429202,-0.3928950557592478,-0.021669934185476598,-0.17076158738298683,5.686240703077327,-0.1488170274736692,4.178700570935715,0.0,0.0,1.0,0.0,0.0,1.0,0.0,1.0,0.0,0.0,0.0,0.0,0.0,1.0
1.4892550771435396,-0.9341111418493633,-0.7241838923718688,-0.3928950557592478,-0.021669934185476598,-0.17076158738298683,-0.17586311452816475,-0.1488170274736692,4.178700570935715,0.0,1.0,0.0,0.0,1.0,0.0,0.0,0.0,1.0,0.0,0.0,1.0,0.0,0.0
-0.28406746295791924,-0.14419993623351768,2.180125583903468,0.373729443283187,0.457665015539354,-0.17076158738298683,-0.17586311452816475,-0.1488170274736692,-0.23930884326944624,1.0,0.0,0.0,0.0,0.0,1.0,0.0,0.0,0.0,1.0,0.0,1.0,0.0,0.0
0.5219882370881984,-0.34167773763747905,0.5249236030679787,-0.3928950557592478,0.9261059891340755,-0.17076158738298683,-0.17586311452816475,-0.1488170274736692,-0.23930884326944624,1.0,0.0,0.0,0.0,0.0,0.0,1.0,1.0,0.0,0.0,0.0,1.0,0.0,0.0
-0.36467303296253095,-0.9341111418493633,0.5444944216412625,-0.3928950557592478,0.043693922595182295,-0.17076158738298683,-0.17586311452816475,-0.1488170274736692,-0.23930884326944624,1.0,0.0,0.0,0.0,0.0,0.0,1.0,1.0,0.0,0.0,1.0,0.0,0.0,0.0
-0.7677008829855898,-0.2923082872864887,-1.2648277554588376,1.1403539423256217,-0.4792169316500877,-0.17076158738298683,-0.17586311452816475,-0.1488170274736692,-0.23930884326944624,1.0,0.0,0.0,0.0,1.0,0.0,0.0,0.0,1.0,0.0,0.0,1.0,0.0,0.0
0.4413826670835866,0.9419279714882699,-0.6429649952927403,-0.3928950557592478,-1.753812138872933,-0.17076158738298683,-0.17586311452816475,-0.1488170274736692,-0.23930884326944624,0.0,0.0,1.0,0.0,1.0,0.0,0.0,1.0,0.0,0.0,0.0,1.0,0.0,0.0
0.2801715270743631,-1.0328500425513438,-1.113153911515887,-1.1595195548016826,-1.4160988788395295,-0.17076158738298683,-0.17586311452816475,-0.1488170274736692,-0.23930884326944624,0.0,0.0,1.0,0.0,0.0,0.0,1.0,0.0,0.0,1.0,0.0,0.0,0.0,1.0
-1.8155732930455426,0.8925585211372796,2.4320998730344985,-1.1595195548016826,-0.7079904303823931,-0.17076158738298683,-0.17586311452816475,-0.1488170274736692,-0.23930884326944624,0.0,1.0,0.0,0.0,0.0,1.0,0.0,1.0,0.0,0.0,0.0,0.0,0.0,1.0
1.5698606471481513,0.7444501700843086,-0.06611511784519622,-1.1595195548016826,-0.9585518813749183,-0.17076158738298683,-0.17586311452816475,-0.1488170274736692,-0.23930884326944624,0.0,0.0,1.0,0.0,0.0,0.0,1.0,1.0,0.0,0.0,0.0,0.0,0.0,1.0
0.03835481706052782,-0.9834805922003536,1.700640528858011,0.373729443283187,0.9152120130039655,-0.17076158738298683,-0.17586311452816475,-0.1488170274736692,-0.23930884326944624,0.0,0.0,0.0,1.0,0.0,1.0,0.0,0.0,1.0,0.0,0.0,0.0,1.0,0.0
1.1668327971250925,-0.2923082872864887,0.13693212485262457,-1.1595195548016826,-0.5990506690812951,-0.17076158738298683,-0.17586311452816475,-0.1488170274736692,-0.23930884326944624,1.0,0.0,0.0,0.0,0.0,0.0,1.0,0.0,0.0,1.0,0.0,0.0,0.0,1.0
-1.4931510130270955,-0.6872638900944115,-1.1508277372694586,-0.3928950557592478,0.8934240607437456,-0.17076158738298683,-0.17586311452816475,-0.1488170274736692,-0.23930884326944624,0.0,1.0,0.0,0.0,1.0,0.0,0.0,0.0,1.0,0.0,0.0,1.0,0.0,0.0
-0.042250752944083945,-1.0822194929023343,2.398829481459916,0.373729443283187,-0.27223138517800144,-0.17076158738298683,-0.17586311452816475,-0.1488170274736692,-0.23930884326944624,1.0,0.0,0.0,0.0,0.0,1.0,0.0,0.0,1.0,0.0,0.0,0.0,1.0,0.0
-0.1228563229486957,-0.19356938658450804,-0.6380722906494196,0.373729443283187,-0.11971571935646455,-0.17076158738298683,-0.17586311452816475,-0.1488170274736692,-0.23930884326944624,0.0,0.0,0.0,1.0,1.0,0.0,0.0,1.0,0.0,0.0,0.0,0.0,0.0,1.0
0.11896038706513958,1.238144673594212,-0.5783812940009032,1.1403539423256217,-0.5554747645608562,-0.17076158738298683,-0.17586311452816475,-0.1488170274736692,-0.23930884326944624,0.0,0.0,0.0,1.0,1.0,0.0,0.0,0.0,1.0,0.0,0.0,0.0,0.0,1.0
-1.2513343030132602,1.1394057728922313,-0.2442095668620801,-0.3928950557592478,0.16352766002639013,-0.17076158738298683,-0.17586311452816475,-0.1488170274736692,-0.23930884326944624,0.0,0.0,0.0,1.0,1.0,0.0,0.0,0.0,1.0,0.0,0.0,1.0,0.0,0.0
-1.8155732930455426,-0.9834805922003536,-0.35038125762214556,-1.1595195548016826,0.7953782755727576,-0.17076158738298683,-0.17586311452816475,-0.1488170274736692,-0.23930884326944624,1.0,0.0,0.0,0.0,0.0,0.0,1.0,1.0,0.0,0.0,1.0,0.0,0.0,0.0
2.4565219171988804,1.7318391771041155,-0.4878662580994653,1.9069784413680564,1.3291831059481372,-0.17076158738298683,-0.17586311452816475,-0.1488170274736692,-0.23930884326944624,0.0,1.0,0.0,0.0,1.0,0.0,0.0,0.0,1.0,0.0,0.0,1.0,0.0,0.0
-0.9289120229948132,-0.14419993623351768,-0.09424816954429202,-0.3928950557592478,0.2615734451973781,-0.17076158738298683,5.686240703077327,-0.1488170274736692,-0.23930884326944624,1.0,0.0,0.0,0.0,1.0,0.0,0.0,0.0,1.0,0.0,0.0,1.0,0.0,0.0
1.0862272271204807,-1.0328500425513438,-0.9560980924652834,0.373729443283187,-0.5336868123006366,-0.17076158738298683,-0.17586311452816475,-0.1488170274736692,-0.23930884326944624,1.0,0.0,0.0,0.0,1.0,0.0,0.0,0.0,1.0,0.0,0.0,1.0,0.0,0.0
-1.8155732930455426,-0.5391555390414404,0.9016618606036942,0.373729443283187,0.2615734451973781,-0.17076158738298683,-0.17586311452816475,-0.1488170274736692,-0.23930884326944624,0.0,0.0,0.0,1.0,0.0,0.0,1.0,1.0,0.0,0.0,0.0,1.0,0.0,0.0
0.8444105171066454,-0.5391555390414404,1.3331984101446055,0.373729443283187,-0.032563910315586156,-0.17076158738298683,-0.17586311452816475,-0.1488170274736692,-0.23930884326944624,0.0,0.0,1.0,0.0,0.0,0.0,1.0,0.0,1.0,0.0,0.0,1.0,0.0,0.0
0.7638049471020336,-0.09483048588252734,-1.888158327017931,0.373729443283187,0.9261059891340755,-0.17076158738298683,-0.17586311452816475,-0.1488170274736692,-0.23930884326944624,0.0,0.0,1.0,0.0,1.0,0.0,0.0,0.0,1.0,0.0,0.0,0.0,0.0,1.0
1.8922829271665982,1.090036322541241,-1.2110080043823068,-0.3928950557592478,-0.8387181439437108,-0.17076158738298683,-0.17586311452816475,6.719661163618754,-0.23930884326944624,0.0,0.0,1.0,0.0,1.0,0.0,0.0,1.0,0.0,0.0,1.0,0.0,0.0,0.0
0.6831993770974218,-1.0822194929023343,0.17558449153486033,-0.3928950557592478,1.71047227050198,-0.17076158738298683,-0.17586311452816475,-0.1488170274736692,-0.23930884326944624,0.0,0.0,1.0,0.0,0.0,0.0,1.0,0.0,1.0,0.0,0.0,0.0,1.0,0.0
0.19956595706975133,0.4976029183293568,1.4628550831926113,0.373729443283187,-0.664414525861954,-0.17076158738298683,-0.17586311452816475,-0.1488170274736692,-0.23930884326944624,1.0,0.0,0.0,0.0,0.0,1.0,0.0,1.0,0.0,0.0,1.0,0.0,0.0,0.0
0.6025938070928101,1.0406668721902506,0.29447721436756025,1.9069784413680564,0.21799754067693908,-0.17076158738298683,-0.17586311452816475,-0.1488170274736692,-0.23930884326944624,0.0,1.0,0.0,0.0,0.0,0.0,1.0,0.0,1.0,0.0,0.0,1.0,0.0,0.0
-1.8155732930455426,-0.04546103553153699,1.8718851913742454,-0.3928950557592478,0.6537565858813307,-0.17076158738298683,-0.17586311452816475,-0.1488170274736692,-0.23930884326944624,0.0,1.0,0.0,0.0,0.0,1.0,0.0,0.0,1.0,0.0,0.0,0.0,1.0,0.0
0.03835481706052782,-0.44041663833945977,0.02097502480591737,2.673602940410491,0.6101806813608917,5.8561179673106665,-0.17586311452816475,-0.1488170274736692,-0.23930884326944624,0.0,0.0,1.0,0.0,0.0,0.0,1.0,0.0,1.0,0.0,0.0,0.0,0.0,1.0
-1.0095175929994251,0.20138621622341474,2.058297238284775,-0.3928950557592478,1.7431541988923096,-0.17076158738298683,-0.17586311452816475,-0.1488170274736692,-0.23930884326944624,0.0,1.0,0.0,0.0,0.0,1.0,0.0,1.0,0.0,0.0,0.0,0.0,0.0,1.0
0.5219882370881984,-0.7860027907963922,-0.09424816954429202,-0.3928950557592478,-0.5663687406909661,-0.17076158738298683,5.686240703077327,-0.1488170274736692,-0.23930884326944624,1.0,0.0,0.0,0.0,0.0,0.0,1.0,0.0,1.0,0.0,0.0,1.0,0.0,0.0
0.11896038706513958,0.5469723686803472,0.1976016624298049,1.1403539423256217,-1.5141446640105178,-0.17076158738298683,-0.17586311452816475,-0.1488170274736692,-0.23930884326944624,0.0,1.0,0.0,0.0,0.0,0.0,1.0,0.0,1.0,0.0,0.0,1.0,0.0,0.0
1.97288849717121,0.10264731552143405,0.6110352047904279,0.373729443283187,-1.3943109265793099,-0.17076158738298683,-0.17586311452816475,-0.1488170274736692,-0.23930884326944624,0.0,0.0,0.0,1.0,0.0,0.0,1.0,0.0,1.0,0.0,0.0,0.0,0.0,1.0
-0.1228563229486957,0.4482334679783665,0.6399021621860219,0.373729443283187,-0.7406723587727225,-0.17076158738298683,-0.17586311452816475,-0.1488170274736692,-0.23930884326944624,1.0,0.0,0.0,0.0,0.0,0.0,1.0,0.0,1.0,0.0,0.0,1.0,0.0,0.0
0.11896038706513958,-0.7366333404454019,-1.1948620790593474,0.373729443283187,-1.753812138872933,-0.17076158738298683,-0.17586311452816475,-0.1488170274736692,-0.23930884326944624,1.0,0.0,0.0,0.0,1.0,0.0,0.0,0.0,1.0,0.0,1.0,0.0,0.0,0.0
-1.8155732930455426,0.10264731552143405,0.23625402911204063,-1.1595195548016826,0.6755445381415498,-0.17076158738298683,-0.17586311452816475,-0.1488170274736692,-0.23930884326944624,1.0,0.0,0.0,0.0,0.0,0.0,1.0,0.0,1.0,0.0,1.0,0.0,0.0,0.0
0.2801715270743631,2.5711198330709513,-0.2911795314379616,1.9069784413680564,-1.3071591175384316,-0.17076158738298683,-0.17586311452816475,-0.1488170274736692,-0.23930884326944624,1.0,0.0,0.0,0.0,1.0,0.0,0.0,0.0,1.0,0.0,0.0,0.0,1.0,0.0
0.03835481706052782,0.9912974218392603,0.3566145633377369,-0.3928950557592478,-1.132855499456675,5.8561179673106665,-0.17586311452816475,-0.1488170274736692,-0.23930884326944624,1.0,0.0,0.0,0.0,0.0,0.0,1.0,0.0,1.0,0.0,1.0,0.0,0.0,0.0
-1.0901231630040369,0.0532778651704437,0.09191924213407145,0.373729443283187,-1.2091133323674434,-0.17076158738298683,-0.17586311452816475,-0.1488170274736692,-0.23930884326944624,0.0,1.0,0.0,0.0,0.0,0.0,1.0,0.0,1.0,0.0,0.0,0.0,0.0,1.0
1.0862272271204807,-0.6872638900944115,-1.2085616520606461,0.373729443283187,-0.5881566929511856,-0.17076158738298683,-0.17586311452816475,-0.1488170274736692,-0.23930884326944624,0.0,0.0,1.0,0.0,1.0,0.0,0.0,1.0,0.0,0.0,0.0,1.0,0.0,0.0
-0.28406746295791924,-0.6378944397434212,-0.9037461527817491,-1.1595195548016826,-0.021669934185476598,-0.17076158738298683,-0.17586311452816475,-0.1488170274736692,4.178700570935715,0.0,0.0,0.0,1.0,1.0,0.0,0.0,0.0,0.0,1.0,0.0,0.0,1.0,0.0
0.3607770970789749,-0.9834805922003536,0.7260137639084715,0.373729443283187,0.8934240607437456,-0.17076158738298683,-0.17586311452816475,-0.1488170274736692,-0.23930884326944624,0.0,0.0,1.0,0.0,0.0,1.0,0.0,0.0,1.0,0.0,0.0,1.0,0.0,0.0
-0.1228563229486957,1.4356224749981734,-0.2779692289009951,-0.3928950557592478,-2.363874802159081,-0.17076158738298683,-0.17586311452816475,-0.1488170274736692,-0.23930884326944624,0.0,1.0,0.0,0.0,1.0,0.0,0.0,0.0,1.0,0.0,1.0,0.0,0.0,0.0
1.005621657115869,0.5963418190313375,0.6022283364324501,0.373729443283187,0.31604332584792705,-0.17076158738298683,-0.17586311452816475,-0.1488170274736692,-0.23930884326944624,0.0,1.0,0.0,0.0,0.0,0.0,1.0,1.0,0.0,0.0,0.0,0.0,0.0,1.0
-0.1228563229486957,-1.1809583936043149,-0.7290765970151899,-0.3928950557592478,-0.021669934185476598,-0.17076158738298683,-0.17586311452816475,-0.1488170274736692,4.178700570935715,1.0,0.0,0.0,0.0,1.0,0.0,0.0,0.0,1.0,0.0,0.0,1.0,0.0,0.0
-0.042250752944083945,0.7938196204352989,0.4187519123079132,-0.3928950557592478,1.8520939601934077,-0.17076158738298683,-0.17586311452816475,-0.1488170274736692,-0.23930884326944624,1.0,0.0,0.0,0.0,0.0,0.0,1.0,0.0,1.0,0.0,0.0,0.0,0.0,1.0
-1.0095175929994251,2.6698587337729323,0.31991927851282953,-0.3928950557592478,-1.350735022058871,-0.17076158738298683,-0.17586311452816475,-0.1488170274736692,-0.23930884326944624,0.0,1.0,0.0,0.0,0.0,0.0,1.0,1.0,0.0,0.0,0.0,0.0,0.0,1.0
2.2147052071850455,0.8925585211372796,-0.4213254749503,1.9069784413680564,-1.241795260757773,-0.17076158738298683,-0.17586311452816475,-0.1488170274736692,-0.23930884326944624,1.0,0.0,0.0,0.0,1.0,0.0,0.0,1.0,0.0,0.0,0.0,1.0,0.0,0.0
0.11896038706513958,-1.0328500425513438,-1.888158327017931,0.373729443283187,1.0241517743050634,-0.17076158738298683,-0.17586311452816475,-0.1488170274736692,-0.23930884326944624,0.0,0.0,1.0,0.0,1.0,0.0,0.0,0.0,1.0,0.0,0.0,0.0,0.0,1.0
1.2474383671297042,0.25075566657440507,-0.1023211322057716,-0.3928950557592478,-0.021669934185476598,-0.17076158738298683,-0.17586311452816475,-0.1488170274736692,4.178700570935715,0.0,1.0,0.0,0.0,0.0,0.0,1.0,0.0,1.0,0.0,0.0,1.0,0.0,0.0
-0.6064897429763663,-0.39104718798846944,-0.3264070048698726,-1.1595195548016826,0.49034694392968387,-0.17076158738298683,-0.17586311452816475,-0.1488170274736692,-0.23930884326944624,0.0,0.0,0.0,1.0,0.0,0.0,1.0,1.0,0.0,0.0,1.0,0.0,0.0,0.0
1.4086495071389278,-0.09483048588252734,0.5420480693196021,1.1403539423256217,-1.230901284627663,-0.17076158738298683,-0.17586311452816475,-0.1488170274736692,-0.23930884326944624,0.0,0.0,1.0,0.0,0.0,0.0,1.0,0.0,1.0,0.0,1.0,0.0,0.0,0.0
0.9250160871112572,0.003908414819453356,-1.5730681479880593,1.1403539423256217,-0.11971571935646455,-0.17076158738298683,-0.17586311452816475,-0.1488170274736692,-0.23930884326944624,0.0,0.0,1.0,0.0,1.0,0.0,0.0,1.0,0.0,0.0,0.0,1.0,0.0,0.0
0.5219882370881984,-1.3784361950082764,2.0030096758152482,-1.1595195548016826,-0.22865548065756244,-0.17076158738298683,-0.17586311452816475,-0.1488170274736692,-0.23930884326944624,1.0,0.0,0.0,0.0,0.0,1.0,0.0,0.0,1.0,0.0,0.0,1.0,0.0,0.0
-0.9289120229948132,-0.6872638900944115,-0.1468447444599924,-0.3928950557592478,0.370513206498476,-0.17076158738298683,-0.17586311452816475,-0.1488170274736692,-0.23930884326944624,1.0,0.0,0.0,0.0,0.0,0.0,1.0,1.0,0.0,0.0,0.0,1.0,0.0,0.0
-0.36467303296253095,2.521750382719961,0.17803084385652068,-0.3928950557592478,0.39230115875869587,-0.17076158738298683,-0.17586311452816475,-0.1488170274736692,-0.23930884326944624,0.0,0.0,1.0,0.0,0.0,0.0,1.0,1.0,0.0,0.0,1.0,0.0,0.0,0.0
-0.36467303296253095,-0.8353722411473825,0.19662312150114053,-0.3928950557592478,-0.021669934185476598,-0.17076158738298683,-0.17586311452816475,-0.1488170274736692,4.178700570935715,1.0,0.0,0.0,0.0,0.0,0.0,1.0,0.0,0.0,1.0,0.0,0.0,0.0,1.0
-1.8155732930455426,-1.0822194929023343,-0.7329907607298466,-0.3928950557592478,2.0917614350558225,-0.17076158738298683,-0.17586311452816475,-0.1488170274736692,-0.23930884326944624,0.0,0.0,1.0,0.0,1.0,0.0,0.0,1.0,0.0,0.0,0.0,1.0,0.0,0.0
-1.5737565830317073,1.1887752232432216,-1.0407418827947366,-1.1595195548016826,0.1962095884167192,-0.17076158738298683,-0.17586311452816475,-0.1488170274736692,-0.23930884326944624,0.0,0.0,0.0,1.0,1.0,0.0,0.0,0.0,0.0,1.0,0.0,0.0,0.0,1.0
-1.1707287330086487,-1.0328500425513438,-0.3777804036247432,0.373729443283187,0.9043180368738556,-0.17076158738298683,-0.17586311452816475,-0.1488170274736692,-0.23930884326944624,1.0,0.0,0.0,0.0,1.0,0.0,0.0,0.0,1.0,0.0,1.0,0.0,0.0,0.0
-0.1228563229486957,-0.34167773763747905,-1.1405530575184846,-0.3928950557592478,-1.078385618806126,-0.17076158738298683,-0.17586311452816475,-0.1488170274736692,-0.23930884326944624,1.0,0.0,0.0,0.0,1.0,0.0,0.0,1.0,0.0,0.0,0.0,1.0,0.0,0.0
0.11896038706513958,-0.7860027907963922,1.3351554920019335,-0.3928950557592478,0.4794529677995739,-0.17076158738298683,-0.17586311452816475,-0.1488170274736692,-0.23930884326944624,0.0,0.0,1.0,0.0,0.0,1.0,0.0,1.0,0.0,0.0,0.0,1.0,0.0,0.0
-0.687095312980978,-0.4897860886904501,0.5161167347100009,-0.3928950557592478,-0.21776150452745252,-0.17076158738298683,-0.17586311452816475,-0.1488170274736692,-0.23930884326944624,0.0,0.0,0.0,1.0,0.0,0.0,1.0,0.0,1.0,0.0,0.0,1.0,0.0,0.0
0.4413826670835866,-0.9834805922003536,-0.6312225041487701,-1.1595195548016826,0.3051493497178171,-0.17076158738298683,-0.17586311452816475,-0.1488170274736692,-0.23930884326944624,1.0,0.0,0.0,0.0,1.0,0.0,0.0,1.0,0.0,0.0,0.0,1.0,0.0,0.0
-1.8155732930455426,0.0532778651704437,0.9143828926763291,0.373729443283187,-0.021669934185476598,-0.17076158738298683,-0.17586311452816475,-0.1488170274736692,4.178700570935715,1.0,0.0,0.0,0.0,0.0,0.0,1.0,1.0,0.0,0.0,1.0,0.0,0.0,0.0
0.9250160871112572,0.1520167658724244,-1.4394973112253966,0.373729443283187,0.17442163615650008,-0.17076158738298683,-0.17586311452816475,-0.1488170274736692,-0.23930884326944624,0.0,0.0,0.0,1.0,1.0,0.0,0.0,0.0,1.0,0.0,0.0,1.0,0.0,0.0
-0.1228563229486957,-0.5885249893924308,-0.07100782248851727,0.373729443283187,-0.5227928361705267,-0.17076158738298683,-0.17586311452816475,-0.1488170274736692,-0.23930884326944624,0.0,0.0,1.0,0.0,0.0,0.0,1.0,0.0,1.0,0.0,0.0,0.0,1.0,0.0
0.11896038706513958,0.003908414819453356,0.24701797932734673,-0.3928950557592478,-0.3920651226092093,-0.17076158738298683,-0.17586311452816475,-0.1488170274736692,-0.23930884326944624,0.0,0.0,0.0,1.0,0.0,0.0,1.0,1.0,0.0,0.0,0.0,0.0,1.0,0.0
-0.5258841729717545,-1.477175095710257,-0.5495143366053097,-0.3928950557592478,0.326937301978037,-0.17076158738298683,-0.17586311452816475,-0.1488170274736692,-0.23930884326944624,1.0,0.0,0.0,0.0,1.0,0.0,0.0,0.0,1.0,0.0,0.0,1.0,0.0,0.0
0.4413826670835866,0.6457112693823278,-0.6713426822240023,0.373729443283187,-0.8605060962039304,-0.17076158738298683,-0.17586311452816475,-0.1488170274736692,-0.23930884326944624,1.0,0.0,0.0,0.0,1.0,0.0,0.0,0.0,0.0,1.0,1.0,0.0,0.0,0.0
0.4413826670835866,-1.0822194929023343,1.0269150994727116,0.373729443283187,1.1113035833459415,-0.17076158738298683,-0.17586311452816475,-0.1488170274736692,-0.23930884326944624,1.0,0.0,0.0,0.0,0.0,1.0,0.0,0.0,1.0,0.0,1.0,0.0,0.0,0.0
-1.5737565830317073,1.7812086274551058,-0.27307652425767404,0.373729443283187,-0.6970964542522835,-0.17076158738298683,-0.17586311452816475,-0.1488170274736692,-0.23930884326944624,0.0,0.0,0.0,1.0,0.0,0.0,1.0,0.0,1.0,0.0,0.0,0.0,1.0,0.0
0.03835481706052782,0.10264731552143405,-1.640098201601557,-1.1595195548016826,1.1330915356061613,5.8561179673106665,-0.17586311452816475,-0.1488170274736692,-0.23930884326944624,0.0,0.0,0.0,1.0,1.0,0.0,0.0,0.0,0.0,1.0,0.0,1.0,0.0,0.0
-0.20346189295330747,-0.4897860886904501,0.42413388741556624,-1.1595195548016826,-0.5554747645608562,-0.17076158738298683,-0.17586311452816475,-0.1488170274736692,-0.23930884326944624,0.0,1.0,0.0,0.0,0.0,0.0,1.0,0.0,1.0,0.0,1.0,0.0,0.0,0.0
0.9250160871112572,0.003908414819453356,0.2876274278669108,-0.3928950557592478,1.525274676290114,-0.17076158738298683,-0.17586311452816475,-0.1488170274736692,-0.23930884326944624,1.0,0.0,0.0,0.0,0.0,0.0,1.0,1.0,0.0,0.0,0.0,0.0,0.0,1.0
-0.4452786029671427,-0.24293883693549836,-0.09424816954429202,0.373729443283187,-0.42474705099953874,-0.17076158738298683,5.686240703077327,-0.1488170274736692,-0.23930884326944624,0.0,0.0,1.0,0.0,0.0,0.0,1.0,0.0,1.0,0.0,1.0,0.0,0.0,0.0
-0.4452786029671427,-0.4897860886904501,0.20396217846612194,-1.1595195548016826,-0.2613374090478919,-0.17076158738298683,-0.17586311452816475,-0.1488170274736692,-0.23930884326944624,1.0,0.0,0.0,0.0,0.0,0.0,1.0,1.0,0.0,0.0,0.0,0.0,1.0,0.0
0.11896038706513958,-0.6378944397434212,0.4994815389227094,-1.1595195548016826,-0.10882174322635461,-0.17076158738298683,-0.17586311452816475,-0.1488170274736692,-0.23930884326944624,0.0,1.0,0.0,0.0,0.0,0.0,1.0,0.0,1.0,0.0,0.0,0.0,0.0,1.0
0.5219882370881984,-0.39104718798846944,0.5332412009616244,-0.3928950557592478,0.8062722517028676,-0.17076158738298683,-0.17586311452816475,-0.1488170274736692,-0.23930884326944624,0.0,1.0,0.0,0.0,0.0,0.0,1.0,1.0,0.0,0.0,1.0,0.0,0.0,0.0
0.03835481706052782,0.8431890707862892,-0.7970851915573516,1.9069784413680564,-2.8323157757538024,5.8561179673106665,-0.17586311452816475,-0.1488170274736692,-0.23930884326944624,0.0,0.0,1.0,0.0,1.0,0.0,0.0,0.0,0.0,1.0,0.0,1.0,0.0,0.0
0.19956595706975133,-1.4278056453592667,-1.4238406563667696,1.1403539423256217,-1.699342258222384,-0.17076158738298683,-0.17586311452816475,-0.1488170274736692,-0.23930884326944624,0.0,0.0,0.0,1.0,1.0,0.0,0.0,0.0,1.0,0.0,0.0,0.0,0.0,1.0
0.3607770970789749,-0.7366333404454019,1.4980825566245222,-0.3928950557592478,-0.021669934185476598,-0.17076158738298683,-0.17586311452816475,-0.1488170274736692,4.178700570935715,0.0,1.0,0.0,0.0,0.0,1.0,0.0,0.0,1.0,0.0,0.0,1.0,0.0,0.0
0.03835481706052782,1.0406668721902506,-1.4326475247247474,-0.3928950557592478,-0.675308501992064,-0.17076158738298683,-0.17586311452816475,6.719661163618754,-0.23930884326944624,0.0,1.0,0.0,0.0,1.0,0.0,0.0,1.0,0.0,0.0,0.0,0.0,0.0,1.0
-0.1228563229486957,-0.4897860886904501,-0.11504216427840606,-0.3928950557592478,0.5121348961899029,-0.17076158738298683,-0.17586311452816475,-0.1488170274736692,-0.23930884326944624,1.0,0.0,0.0,0.0,0.0,0.0,1.0,0.0,1.0,0.0,0.0,1.0,0.0,0.0
0.3607770970789749,0.1520167658724244,0.5537905604635723,-0.3928950557592478,0.44677103940924484,-0.17076158738298683,-0.17586311452816475,-0.1488170274736692,-0.23930884326944624,1.0,0.0,0.0,0.0,0.0,0.0,1.0,1.0,0.0,0.0,0.0,1.0,0.0,0.0
-1.1707287330086487,-0.44041663833945977,-0.06513657691653221,-0.3928950557592478,0.22889151680704903,-0.17076158738298683,-0.17586311452816475,-0.1488170274736692,-0.23930884326944624,1.0,0.0,0.0,0.0,0.0,0.0,1.0,0.0,1.0,0.0,0.0,1.0,0.0,0.0
0.6025938070928101,-0.09483048588252734,-0.814698928273307,1.9069784413680564,1.427228891119126,-0.17076158738298683,-0.17586311452816475,-0.1488170274736692,-0.23930884326944624,1.0,0.0,0.0,0.0,1.0,0.0,0.0,0.0,0.0,1.0,1.0,0.0,0.0,0.0
-1.654362153036319,-0.6378944397434212,0.40798796209260707,-0.3928950557592478,-0.07613981483602555,-0.17076158738298683,-0.17586311452816475,-0.1488170274736692,-0.23930884326944624,0.0,1.0,0.0,0.0,0.0,0.0,1.0,0.0,1.0,0.0,0.0,1.0,0.0,0.0
-0.042250752944083945,-0.34167773763747905,-0.09424816954429202,-0.3928950557592478,1.525274676290114,-0.17076158738298683,5.686240703077327,-0.1488170274736692,-0.23930884326944624,0.0,0.0,1.0,0.0,1.0,0.0,0.0,0.0,1.0,0.0,0.0,0.0,0.0,1.0
0.5219882370881984,-0.9834805922003536,-1.1253856731241896,4.206851938495361,-0.021669934185476598,-0.17076158738298683,-0.17586311452816475,-0.1488170274736692,4.178700570935715,0.0,1.0,0.0,0.0,1.0,0.0,0.0,0.0,1.0,0.0,0.0,0.0,0.0,1.0
0.11896038706513958,0.6950807197333182,0.8630094939214589,-1.1595195548016826,-0.4574289793898682,-0.17076158738298683,-0.17586311452816475,-0.1488170274736692,-0.23930884326944624,0.0,1.0,0.0,0.0,0.0,0.0,1.0,1.0,0.0,0.0,0.0,0.0,1.0,0.0
0.5219882370881984,-1.0328500425513438,1.9594646044896915,1.1403539423256217,1.7213662466320898,-0.17076158738298683,-0.17586311452816475,-0.1488170274736692,-0.23930884326944624,0.0,0.0,0.0,1.0,0.0,1.0,0.0,0.0,1.0,0.0,1.0,0.0,0.0,0.0
1.4892550771435396,-0.04546103553153699,-0.8988534481384279,0.373729443283187,-1.7756000911331526,-0.17076158738298683,-0.17586311452816475,-0.1488170274736692,-0.23930884326944624,1.0,0.0,0.0,0.0,1.0,0.0,0.0,1.0,0.0,0.0,0.0,0.0,0.0,1.0
1.6504662171527629,-0.44041663833945977,0.22891497214705922,-0.3928950557592478,-0.032563910315586156,-0.17076158738298683,-0.17586311452816475,-0.1488170274736692,-0.23930884326944624,0.0,1.0,0.0,0.0,0.0,0.0,1.0,1.0,0.0,0.0,0.0,1.0,0.0,0.0
-1.5737565830317073,-0.7860027907963922,2.2584088581966038,0.373729443283187,0.9914698459147343,-0.17076158738298683,-0.17586311452816475,-0.1488170274736692,-0.23930884326944624,1.0,0.0,0.0,0.0,0.0,1.0,0.0,0.0,1.0,0.0,0.0,1.0,0.0,0.0
-1.331939873017872,0.4976029183293568,-0.14341985120966805,1.1403539423256217,0.5230288723200129,-0.17076158738298683,-0.17586311452816475,-0.1488170274736692,-0.23930884326944624,0.0,0.0,1.0,0.0,0.0,0.0,1.0,0.0,1.0,0.0,1.0,0.0,0.0,0.0
-1.8155732930455426,-1.2303278439553054,0.785215490092655,0.373729443283187,1.8956698647138466,-0.17076158738298683,-0.17586311452816475,-0.1488170274736692,-0.23930884326944624,0.0,0.0,0.0,1.0,0.0,0.0,1.0,1.0,0.0,0.0,1.0,0.0,0.0,0.0
-1.654362153036319,0.6457112693823278,-0.07638979759617033,-0.3928950557592478,-1.1546434517168946,-0.17076158738298683,-0.17586311452816475,-0.1488170274736692,-0.23930884326944624,0.0,1.0,0.0,0.0,0.0,0.0,1.0,1.0,0.0,0.0,0.0,0.0,0.0,1.0
0.11896038706513958,-0.34167773763747905,-0.770175316019086,1.1403539423256217,-0.0652458387059156,-0.17076158738298683,-0.17586311452816475,-0.1488170274736692,-0.23930884326944624,0.0,0.0,1.0,0.0,1.0,0.0,0.0,0.0,1.0,0.0,1.0,0.0,0.0,0.0
1.4086495071389278,0.0532778651704437,-0.09424816954429202,-1.1595195548016826,1.2638192491674791,-0.17076158738298683,5.686240703077327,-0.1488170274736692,-0.23930884326944624,0.0,1.0,0.0,0.0,0.0,1.0,0.0,1.0,0.0,0.0,1.0,0.0,0.0,0.0
